-- phpMyAdmin SQL Dump
-- version 3.4.10.1deb1
-- http://www.phpmyadmin.net
--
-- Servidor: localhost
-- Tiempo de generación: 30-01-2015 a las 21:21:14
-- Versión del servidor: 5.5.41
-- Versión de PHP: 5.3.10-1ubuntu3.15

SET FOREIGN_KEY_CHECKS=0;
SET SQL_MODE="NO_AUTO_VALUE_ON_ZERO";
SET time_zone = "+00:00";


/*!40101 SET @OLD_CHARACTER_SET_CLIENT=@@CHARACTER_SET_CLIENT */;
/*!40101 SET @OLD_CHARACTER_SET_RESULTS=@@CHARACTER_SET_RESULTS */;
/*!40101 SET @OLD_COLLATION_CONNECTION=@@COLLATION_CONNECTION */;
/*!40101 SET NAMES utf8 */;

--
-- Base de datos: `modul4r4ppDB`
--

--
-- Volcado de datos para la tabla `afiliado`
--

INSERT INTO `afiliado` (`afi_codigo`, `afi_nombre`, `afi_direccion`, `afi_telefonos`, `afi_numerodocumento`, `afi_tipodocumento`, `afi_tipo`, `afi_horarios`, `afi_ciu_codigo`, `afi_usr_codigo`, `afi_email`) VALUES
(1, 'FAE Group consultores', 'Calle 20 No. 5-07 – OF 202', '3336435', '45147364', NULL, 1, '', 1, 17, 'faegroup@gmail.com');

--
-- Volcado de datos para la tabla `afiliadoxempresa`
--

INSERT INTO `afiliadoxempresa` (`axe_codigo`, `axe_afi_codigo`, `axe_emp_codigo`) VALUES
(3, 1, 4),
(6, 1, 5),
(7, 1, 1);

--
-- Volcado de datos para la tabla `campo`
--

INSERT INTO `campo` (`cam_codigo`, `cam_nombre`, `cam_label`, `cam_tipo`, `cam_tablaasociada`, `cam_keyllaveasociada`, `cam_valorllaveasociada`, `cam_etiqueta`, `cam_relacion`) VALUES
(1, 'emp_numerodocumento', '#cedula#', NULL, 'empleado', NULL, NULL, NULL, ''),
(2, 'emp_nombre', '#nombre#', NULL, 'empleado', NULL, NULL, NULL, ''),
(3, 'ciu_nombre', '#ciudad#', '', 'empresa', NULL, NULL, NULL, 'ciudad'),
(4, 'afi_nombre', '#centromedico#', '', 'centromedico', NULL, NULL, 'afiliado', ''),
(5, 'afi_telefonos', '#telefonocentromedico#', '', 'centromedico', NULL, NULL, 'afiliado', ''),
(6, 'afi_direccion', '#direccioncentromedico#', '', 'centromedico', NULL, NULL, 'afiliado', ''),
(7, 'afi_horarios', '#horariocentromedico#', '', 'centromedico', NULL, NULL, 'afiliado', '');

--
-- Volcado de datos para la tabla `cartasgeneradas`
--

INSERT INTO `cartasgeneradas` (`cag_codigo`, `cag_emp_codigo`, `cag_usr_codigo`, `cag_empr_codigo`, `cag_archivo`, `cag_fechacreacion`, `cag_mot_codigo`, `cag_for_codigo`) VALUES
(1, NULL, 1, 4, '/var/www/modular/protected/modules/motivo/../../../uploads/cartas_generadas/formato536af8c7c508e.pdf', '2014-05-08 03:23:57', 13, 5),
(2, NULL, 1, 4, '/var/www/modular/protected/modules/motivo/../../../uploads/cartas_generadas/formato536af928de315.pdf', '2014-05-08 03:25:34', 13, 5),
(3, NULL, 1, 4, '/var/www/modular/protected/modules/motivo/../../../uploads/cartas_generadas/formato536af973df0a8.pdf', '2014-05-08 03:26:49', 13, 5),
(4, NULL, 1, 4, '/var/www/modular/protected/modules/motivo/../../../uploads/cartas_generadas/formato536af9cf04b45.pdf', '2014-05-08 03:28:20', 13, 5),
(5, NULL, 1, 1, '/var/www/modular/protected/modules/motivo/../../../uploads/cartas_generadas/formato536e439d969ee.pdf', '2014-05-10 15:20:04', 13, 5),
(6, 15, 21, 4, '/var/www/modular/protected/modules/motivo/../../../uploads/cartas_generadas/formato536ed3e3712e1.pdf', '2014-05-11 01:35:36', 13, 5),
(7, 15, 21, 4, '/var/www/modular/protected/modules/motivo/../../../uploads/cartas_generadas/formato536ed42f4443e.pdf', '2014-05-11 01:36:52', 13, 5),
(8, NULL, 1, 1, '/var/www/modular/protected/modules/motivo/../../../uploads/cartas_generadas/formato536ee196bc955.pdf', '2014-05-11 02:34:04', 13, 5),
(9, 17, 24, 4, '/var/www/modular/protected/modules/motivo/../../../uploads/cartas_generadas/formato536ee2878af2b.pdf', '2014-05-11 02:38:04', 13, 5),
(10, 15, 21, 4, '/var/www/modular/protected/modules/motivo/../../../uploads/cartas_generadas/formato5370be48d7073.pdf', '2014-05-12 12:27:59', 13, 5),
(11, 17, 24, 4, '/var/www/modular/protected/modules/motivo/../../../uploads/cartas_generadas/formato5373801cc21c0.pdf', '2014-05-14 14:39:31', 13, 5),
(12, NULL, 1, 1, '/var/www/modular/protected/modules/motivo/../../../uploads/cartas_generadas/formato53a045379284d.pdf', '2014-06-17 13:40:09', 14, 7),
(13, NULL, 1, 1, '/var/www/modular/protected/modules/motivo/../../../uploads/cartas_generadas/formato53a0454590d48.pdf', '2014-06-17 13:40:23', 14, 7),
(14, NULL, 1, 1, '/var/www/modular/protected/modules/motivo/../../../uploads/cartas_generadas/formato53a0455768eaf.pdf', '2014-06-17 13:40:40', 13, 6),
(15, NULL, 1, 1, '/var/www/modular/protected/modules/motivo/../../../uploads/cartas_generadas/formato53a045622005c.pdf', '2014-06-17 13:40:51', 13, 6),
(16, NULL, 1, 1, '/var/www/modular/protected/modules/motivo/../../../uploads/cartas_generadas/formato53a045ee6c4de.pdf', '2014-06-17 13:43:11', 13, 6),
(17, NULL, 1, 1, '/var/www/modular/protected/modules/motivo/../../../uploads/cartas_generadas/formato53a045f399475.pdf', '2014-06-17 13:43:17', 13, 6),
(18, NULL, 1, 1, '/var/www/modular/protected/modules/motivo/../../../uploads/cartas_generadas/formato53a04666739f6.pdf', '2014-06-17 13:45:11', 13, 6),
(19, NULL, 1, 1, '/var/www/modular/protected/modules/motivo/../../../uploads/cartas_generadas/formato53a0467e8735a.pdf', '2014-06-17 13:45:36', 13, 6),
(20, NULL, 1, 1, '/var/www/modular/protected/modules/motivo/../../../uploads/cartas_generadas/formato53a04684f3f83.pdf', '2014-06-17 13:45:42', 13, 6),
(21, NULL, 1, 1, '/var/www/modular/protected/modules/motivo/../../../uploads/cartas_generadas/formato53a0468e95cf4.pdf', '2014-06-17 13:45:52', 13, 6),
(22, NULL, 1, 1, '/var/www/modular/protected/modules/motivo/../../../uploads/cartas_generadas/formato53a0470c0334e.pdf', '2014-06-17 13:47:57', 13, 6),
(23, NULL, 1, 1, '/var/www/modular/protected/modules/motivo/../../../uploads/cartas_generadas/formato53a0498fb7ffe.pdf', '2014-06-17 13:58:41', 13, 6),
(24, NULL, 1, 1, '/var/www/modular/protected/modules/motivo/../../../uploads/cartas_generadas/formato53a049af59ac8.pdf', '2014-06-17 13:59:13', 14, 7),
(25, NULL, 1, 1, '/var/www/modular/protected/modules/motivo/../../../uploads/cartas_generadas/formato53a049bab0b3e.pdf', '2014-06-17 13:59:24', 13, 6),
(26, NULL, 1, 1, '/var/www/modular/protected/modules/motivo/../../../uploads/cartas_generadas/formato53a04b9462941.pdf', '2014-06-17 14:07:17', 13, 6),
(27, NULL, 1, 1, '/var/www/modular/protected/modules/motivo/../../../uploads/cartas_generadas/formato53a04bf80a1d5.pdf', '2014-06-17 14:08:57', 13, 6),
(28, NULL, 1, 1, '/var/www/modular/protected/modules/motivo/../../../uploads/cartas_generadas/formato53a04c02090ef.pdf', '2014-06-17 14:09:07', 13, 6),
(29, NULL, 1, 1, '/var/www/modular/protected/modules/motivo/../../../uploads/cartas_generadas/formato53a0509316a49.pdf', '2014-06-17 14:28:36', 13, 6),
(30, NULL, 1, 1, '/var/www/modular/protected/modules/motivo/../../../uploads/cartas_generadas/formato53a050dedb9b8.pdf', '2014-06-17 14:29:52', 13, 6),
(31, NULL, 1, 1, '/var/www/modular/protected/modules/motivo/../../../uploads/cartas_generadas/formato53a050e4c0fc4.pdf', '2014-06-17 14:29:58', 13, 6),
(32, NULL, 1, 1, '/var/www/modular/protected/modules/motivo/../../../uploads/cartas_generadas/formato53a05125568a3.pdf', '2014-06-17 14:31:02', 13, 6),
(33, NULL, 1, 1, '/var/www/modular/protected/modules/motivo/../../../uploads/cartas_generadas/formato53a05128f1ff2.pdf', '2014-06-17 14:31:06', 13, 6),
(34, NULL, 1, 1, '/var/www/modular/protected/modules/motivo/../../../uploads/cartas_generadas/formato53a0553493d01.pdf', '2014-06-17 14:48:22', 14, 7),
(35, NULL, 1, 1, '/var/www/modular/protected/modules/motivo/../../../uploads/cartas_generadas/formato53a055e241824.pdf', '2014-06-17 14:51:15', 13, 6),
(36, NULL, 1, 1, '/var/www/modular/protected/modules/motivo/../../../uploads/cartas_generadas/formato53a05672cb8b8.pdf', '2014-06-17 14:53:40', 13, 6),
(37, NULL, 1, 1, '/var/www/modular/protected/modules/motivo/../../../uploads/cartas_generadas/formato53a05697a660b.pdf', '2014-06-17 14:54:17', 13, 6),
(38, NULL, 1, 1, '/var/www/modular/protected/modules/motivo/../../../uploads/cartas_generadas/formato53a0569b68c8a.pdf', '2014-06-17 14:54:20', 13, 6),
(39, NULL, 1, 1, '/var/www/modular/protected/modules/motivo/../../../uploads/cartas_generadas/formato53a056bdc2d1b.pdf', '2014-06-17 14:54:55', 13, 6),
(40, NULL, 1, 1, '/var/www/modular/protected/modules/motivo/../../../uploads/cartas_generadas/formato53a056e577f10.pdf', '2014-06-17 14:55:34', 13, 6),
(41, NULL, 1, 1, '/var/www/modular/protected/modules/motivo/../../../uploads/cartas_generadas/formato53a056e9b8e4c.pdf', '2014-06-17 14:55:39', 13, 6),
(42, NULL, 1, 1, '/var/www/modular/protected/modules/motivo/../../../uploads/cartas_generadas/formato53a0573c27002.pdf', '2014-06-17 14:57:01', 13, 6),
(43, NULL, 1, 1, '/var/www/modular/protected/modules/motivo/../../../uploads/cartas_generadas/formato53a05848f143b.pdf', '2014-06-17 15:01:30', 13, 6),
(44, NULL, 1, 1, '/var/www/modular/protected/modules/motivo/../../../uploads/cartas_generadas/formato53a05880a799d.pdf', '2014-06-17 15:02:26', 13, 6),
(45, NULL, 1, 1, '/var/www/modular/protected/modules/motivo/../../../uploads/cartas_generadas/formato53a05a4bc028c.pdf', '2014-06-17 15:10:05', 13, 6),
(46, NULL, 1, 1, '/var/www/modular/protected/modules/motivo/../../../uploads/cartas_generadas/formato53a05bdfd1666.pdf', '2014-06-17 15:16:49', 13, 6),
(47, NULL, 1, 1, '/var/www/modular/protected/modules/motivo/../../../uploads/cartas_generadas/formato53a05e9a00198.pdf', '2014-06-17 15:28:27', 13, 6),
(48, NULL, 1, 1, '/var/www/modular/protected/modules/motivo/../../../uploads/cartas_generadas/formato53a05ebf6656b.pdf', '2014-06-17 15:29:04', 13, 6),
(49, NULL, 1, 1, '/var/www/modular/protected/modules/motivo/../../../uploads/cartas_generadas/formato53a05ec5bc56d.pdf', '2014-06-17 15:29:11', 13, 6),
(50, NULL, 1, 1, '/var/www/modular/protected/modules/motivo/../../../uploads/cartas_generadas/formato53a062074bb54.pdf', '2014-06-17 15:43:05', 13, 6),
(51, NULL, 1, 1, '/var/www/modular/protected/modules/motivo/../../../uploads/cartas_generadas/formato53a06210124c7.pdf', '2014-06-17 15:43:13', 13, 6),
(52, NULL, 1, 1, '/var/www/modular/protected/modules/motivo/../../../uploads/cartas_generadas/formato53a06228db95a.pdf', '2014-06-17 15:43:38', 13, 6),
(53, NULL, 1, 1, '/var/www/modular/protected/modules/motivo/../../../uploads/cartas_generadas/formato53a0622e2083a.pdf', '2014-06-17 15:43:43', 13, 6),
(54, NULL, 1, 1, '/var/www/modular/protected/modules/motivo/../../../uploads/cartas_generadas/formato53a06240d7ea7.pdf', '2014-06-17 15:44:02', 13, 6),
(55, 14, 20, 4, '/var/www/modular/protected/modules/motivo/../../../uploads/cartas_generadas/formato53a06310ba5a4.pdf', '2014-06-17 15:47:30', 13, 6),
(56, 14, 20, 4, '/var/www/modular/protected/modules/motivo/../../../uploads/cartas_generadas/formato53a063191e57b.pdf', '2014-06-17 15:47:38', 13, 6),
(57, 14, 20, 4, '/var/www/modular/protected/modules/motivo/../../../uploads/cartas_generadas/formato53a0639454dc7.pdf', '2014-06-17 15:49:41', 13, 6),
(58, 14, 20, 4, '/var/www/modular/protected/modules/motivo/../../../uploads/cartas_generadas/formato53a0661eea0d0.pdf', '2014-06-17 16:00:32', 14, 7),
(59, 14, 20, 4, '/var/www/modular/protected/modules/motivo/../../../uploads/cartas_generadas/formato53a06623e9bd3.pdf', '2014-06-17 16:00:37', 14, 7),
(60, 14, 20, 4, '/var/www/modular/protected/modules/motivo/../../../uploads/cartas_generadas/formato53a0662e059a0.pdf', '2014-06-17 16:00:47', 14, 7),
(61, 14, 20, 4, '/var/www/modular/protected/modules/motivo/../../../uploads/cartas_generadas/formato53a067031b2d4.pdf', '2014-06-17 16:04:20', 13, 8),
(62, 14, 20, 4, '/var/www/modular/protected/modules/motivo/../../../uploads/cartas_generadas/formato53a0670a38abe.pdf', '2014-06-17 16:04:27', 14, 7),
(63, 14, 20, 4, '/var/www/modular/protected/modules/motivo/../../../uploads/cartas_generadas/formato53a0670e21804.pdf', '2014-06-17 16:04:31', 13, 8),
(64, 14, 20, 4, '/var/www/modular/protected/modules/motivo/../../../uploads/cartas_generadas/formato53a0698e943dd.pdf', '2014-06-17 16:15:12', 13, 9),
(65, 14, 20, 4, '/var/www/modular/protected/modules/motivo/../../../uploads/cartas_generadas/formato53a0699691c57.pdf', '2014-06-17 16:15:20', 13, 9),
(66, 14, 20, 4, '/var/www/modular/protected/modules/motivo/../../../uploads/cartas_generadas/formato53a069e35d4c0.pdf', '2014-06-17 16:16:36', 13, 9),
(67, 14, 20, 4, '/var/www/modular/protected/modules/motivo/../../../uploads/cartas_generadas/formato53a069e725315.pdf', '2014-06-17 16:16:40', 13, 9),
(68, 14, 20, 4, '/var/www/modular/protected/modules/motivo/../../../uploads/cartas_generadas/formato53a06a0121801.pdf', '2014-06-17 16:17:06', 13, 9),
(69, 14, 20, 4, '/var/www/modular/protected/modules/motivo/../../../uploads/cartas_generadas/formato53a06cb4eb987.pdf', '2014-06-17 16:28:38', 13, 9),
(70, 14, 20, 4, '/var/www/modular/protected/modules/motivo/../../../uploads/cartas_generadas/formato53a06d02cf76e.pdf', '2014-06-17 16:29:56', 13, 9),
(71, 14, 20, 4, '/var/www/modular/protected/modules/motivo/../../../uploads/cartas_generadas/formato53a06d079904e.pdf', '2014-06-17 16:30:01', 13, 9),
(72, 14, 20, 4, '/var/www/modular/protected/modules/motivo/../../../uploads/cartas_generadas/formato53a06d0b61109.pdf', '2014-06-17 16:30:04', 13, 9),
(73, 14, 20, 4, '/var/www/modular/protected/modules/motivo/../../../uploads/cartas_generadas/formato53a06d143b40d.pdf', '2014-06-17 16:30:13', 13, 9),
(74, 14, 20, 4, '/var/www/modular/protected/modules/motivo/../../../uploads/cartas_generadas/formato53a06e2c310aa.pdf', '2014-06-17 16:34:53', 13, 9),
(75, 14, 20, 4, '/var/www/modular/protected/modules/motivo/../../../uploads/cartas_generadas/formato53a06e300b3f3.pdf', '2014-06-17 16:34:57', 13, 9),
(76, 14, 20, 4, '/var/www/modular/protected/modules/motivo/../../../uploads/cartas_generadas/formato53a0706892eda.pdf', '2014-06-17 16:44:26', 13, 9),
(77, 14, 20, 4, '/var/www/modular/protected/modules/motivo/../../../uploads/cartas_generadas/formato53a0712d9d10b.pdf', '2014-06-17 16:47:43', 13, 9),
(78, 14, 20, 4, '/var/www/modular/protected/modules/motivo/../../../uploads/cartas_generadas/formato53a07135ef87e.pdf', '2014-06-17 16:47:51', 13, 9),
(79, 14, 20, 4, '/var/www/modular/protected/modules/motivo/../../../uploads/cartas_generadas/formato53a177a22184e.pdf', '2014-06-18 11:27:32', 14, 7),
(80, 14, 20, 4, '/var/www/modular/protected/modules/motivo/../../../uploads/cartas_generadas/formato53a177b128bee.pdf', '2014-06-18 11:27:46', 14, 7),
(81, 14, 20, 4, '/var/www/modular/protected/modules/motivo/../../../uploads/cartas_generadas/formato53a17872f1248.pdf', '2014-06-18 11:31:00', 14, 10),
(82, 14, 20, 4, '/var/www/modular/protected/modules/motivo/../../../uploads/cartas_generadas/formato53a1787b763ef.pdf', '2014-06-18 11:31:08', 13, 9),
(83, 15, 21, 4, '/var/www/modular/protected/modules/motivo/../../../uploads/cartas_generadas/formato53a17e7eb36ea.pdf', '2014-06-18 11:56:48', 13, 9),
(84, 15, 21, 4, '/var/www/modular/protected/modules/motivo/../../../uploads/cartas_generadas/formato53a17e87b7793.pdf', '2014-06-18 11:56:57', 13, 9),
(85, NULL, 1, 1, '/var/www/modular/protected/modules/motivo/../../../uploads/cartas_generadas/formato53a1d94146676.pdf', '2014-06-18 18:24:02', 14, 10),
(86, 18, 25, 1, '/var/www/modular/protected/modules/motivo/../../../uploads/cartas_generadas/formato53a43ce7b3b9f.pdf', '2014-06-20 13:53:49', 15, 11),
(87, 18, 25, 1, '/var/www/modular/protected/modules/motivo/../../../uploads/cartas_generadas/formato53a43cf887e13.pdf', '2014-06-20 13:54:04', 15, 11),
(88, 18, 25, 1, '/var/www/modular/protected/modules/motivo/../../../uploads/cartas_generadas/formato53a43d0ed31d5.pdf', '2014-06-20 13:54:26', 16, 12),
(89, 18, 25, 1, '/var/www/modular/protected/modules/motivo/../../../uploads/cartas_generadas/formato53a43d2506dc1.pdf', '2014-06-20 13:54:49', 15, 11),
(90, 17, 24, 4, '/var/www/modular/protected/modules/motivo/../../../uploads/cartas_generadas/formato53a43d4199f41.pdf', '2014-06-20 13:55:15', 13, 9),
(91, 17, 24, 4, '/var/www/modular/protected/modules/motivo/../../../uploads/cartas_generadas/formato53a43d498c85b.pdf', '2014-06-20 13:55:23', 13, 9),
(92, 19, 26, 5, '/var/www/modular/protected/modules/motivo/../../../uploads/cartas_generadas/formato53a43d667dd82.pdf', '2014-06-20 13:55:54', 17, 13),
(93, 19, 26, 5, '/var/www/modular/protected/modules/motivo/../../../uploads/cartas_generadas/formato53a43d6e7deed.pdf', '2014-06-20 13:56:02', 17, 13),
(94, 19, 26, 5, '/var/www/modular/protected/modules/motivo/../../../uploads/cartas_generadas/formato53a43d78bd81a.pdf', '2014-06-20 13:56:12', 17, 13),
(95, 19, 26, 5, '/var/www/modular/protected/modules/motivo/../../../uploads/cartas_generadas/formato53a441815f506.pdf', '2014-06-20 14:13:25', 17, 13),
(96, 19, 26, 5, '/var/www/modular/protected/modules/motivo/../../../uploads/cartas_generadas/formato53a441886ffb8.pdf', '2014-06-20 14:13:32', 17, 13),
(97, 19, 26, 5, '/var/www/modular/protected/modules/motivo/../../../uploads/cartas_generadas/formato53a441971a5a2.pdf', '2014-06-20 14:13:46', 17, 13),
(98, 19, 26, 5, '/var/www/modular/protected/modules/motivo/../../../uploads/cartas_generadas/formato53a4419cbe4a0.pdf', '2014-06-20 14:13:52', 17, 13),
(99, 19, 26, 5, '/var/www/modular/protected/modules/motivo/../../../uploads/cartas_generadas/formato53a441a32697d.pdf', '2014-06-20 14:13:58', 18, 14),
(100, 19, 26, 5, '/var/www/modular/protected/modules/motivo/../../../uploads/cartas_generadas/formato53a441a8b742f.pdf', '2014-06-20 14:14:31', 18, 14),
(101, 18, 25, 1, '/var/www/modular/protected/modules/motivo/../../../uploads/cartas_generadas/formato53a442f36d8fa.pdf', '2014-06-20 14:19:35', 16, 12),
(102, 11, 16, 1, '/var/www/modular/protected/modules/motivo/../../../uploads/cartas_generadas/formato53a44527c57d9.pdf', '2014-06-20 14:28:59', 15, 11),
(103, 21, 28, 1, '/var/www/modular/protected/modules/motivo/../../../uploads/cartas_generadas/formato53a4486fde251.pdf', '2014-06-20 14:43:00', 15, 11),
(104, 21, 28, 1, '/var/www/modular/protected/modules/motivo/../../../uploads/cartas_generadas/formato53a44889f336a.pdf', '2014-06-20 14:43:25', 15, 11),
(105, 21, 28, 1, '/var/www/modular/protected/modules/motivo/../../../uploads/cartas_generadas/formato53a448941f4c1.pdf', '2014-06-20 14:43:36', 15, 11),
(106, 21, 28, 1, '/var/www/modular/protected/modules/motivo/../../../uploads/cartas_generadas/formato53a44da4abac7.pdf', '2014-06-20 15:05:12', 15, 11),
(107, 21, 28, 1, '/var/www/modular/protected/modules/motivo/../../../uploads/cartas_generadas/formato53a44daf9d12c.pdf', '2014-06-20 15:05:23', 15, 11),
(108, 11, 16, 1, '/var/www/modular/protected/modules/motivo/../../../uploads/cartas_generadas/formato53a457d310e78.pdf', '2014-06-20 15:48:39', 15, 11),
(109, 11, 16, 1, '/var/www/modular/protected/modules/motivo/../../../uploads/cartas_generadas/formato53a457e66c43f.pdf', '2014-06-20 15:48:58', 15, 11),
(110, 11, 16, 1, '/var/www/modular/protected/modules/motivo/../../../uploads/cartas_generadas/formato53a45800e93bf.pdf', '2014-06-20 15:49:24', 15, 11),
(111, 11, 16, 1, '/var/www/modular/protected/modules/motivo/../../../uploads/cartas_generadas/formato53a4580c6480d.pdf', '2014-06-20 15:49:36', 15, 11),
(112, 22, 29, 4, '/var/www/modular/protected/modules/motivo/../../../uploads/cartas_generadas/formato53a45ba5da112.pdf', '2014-06-20 16:04:57', 16, 12),
(113, 11, 16, 1, '/var/www/modular/protected/modules/motivo/../../../uploads/cartas_generadas/formato53a45bfa1ba93.pdf', '2014-06-20 16:06:22', 15, 11),
(114, 11, 16, 1, '/var/www/modular/protected/modules/motivo/../../../uploads/cartas_generadas/formato53a45c0594302.pdf', '2014-06-20 16:06:33', 15, 11),
(115, 11, 16, 4, '/var/www/modular/protected/modules/motivo/../../../uploads/cartas_generadas/formato53a45ca84339b.pdf', '2014-06-20 16:09:16', 15, 11),
(116, 11, 16, 4, '/var/www/modular/protected/modules/motivo/../../../uploads/cartas_generadas/formato53a45cb2c4b5a.pdf', '2014-06-20 16:09:24', 13, 9),
(117, 23, 30, 4, '/var/www/modular/protected/modules/motivo/../../../uploads/cartas_generadas/formato53a4852ae71a6.pdf', '2014-06-20 19:02:04', 14, 10),
(118, 24, 31, 4, '/var/www/modular/protected/modules/motivo/../../../uploads/cartas_generadas/formato53a490e6926ba.pdf', '2014-06-20 19:52:08', 14, 10),
(119, 21, 28, 1, '/var/www/modular/protected/modules/motivo/../../../uploads/cartas_generadas/formato53a4c427dd1fc.pdf', '2014-06-20 23:30:51', 15, 11),
(120, 21, 28, 1, '/var/www/modular/protected/modules/motivo/../../../uploads/cartas_generadas/formato53a4c449385af.pdf', '2014-06-20 23:31:25', 16, 12),
(121, 21, 28, 1, '/var/www/modular/protected/modules/motivo/../../../uploads/cartas_generadas/formato53a4c461c3df2.pdf', '2014-06-20 23:31:49', 16, 12),
(122, 18, 25, 1, '/var/www/modular/protected/modules/motivo/../../../uploads/cartas_generadas/formato53b41f8cb7e3a.pdf', '2014-07-02 15:04:50', 15, 11),
(123, 18, 25, 1, '/var/www/modular/protected/modules/motivo/../../../uploads/cartas_generadas/formato53b41fa863c50.pdf', '2014-07-02 15:05:16', 15, 11),
(124, 18, 25, 1, '/var/www/modular/protected/modules/motivo/../../../uploads/cartas_generadas/formato53b41facb9953.pdf', '2014-07-02 15:05:20', 15, 11),
(125, 18, 25, 1, '/var/www/modular/protected/modules/motivo/../../../uploads/cartas_generadas/formato53b41fbcc7911.pdf', '2014-07-02 15:05:36', 15, 11),
(126, 18, 25, 1, '/var/www/modular/protected/modules/motivo/../../../uploads/cartas_generadas/formato53b41fd988fe8.pdf', '2014-07-02 15:06:05', 16, 12),
(127, 18, 25, 1, '/var/www/modular/protected/modules/motivo/../../../uploads/cartas_generadas/formato53b41fdeaeb6e.pdf', '2014-07-02 15:06:10', 16, 12),
(128, 18, 25, 1, '/var/www/modular/protected/modules/motivo/../../../uploads/cartas_generadas/formato53b41feb689e3.pdf', '2014-07-02 15:06:43', 16, 12),
(129, 18, 25, 1, '/var/www/modular/protected/modules/motivo/../../../uploads/cartas_generadas/formato53b42016c2b0b.pdf', '2014-07-02 15:07:36', 15, 11),
(130, 18, 25, 1, '/var/www/modular/protected/modules/motivo/../../../uploads/cartas_generadas/formato53b4205386699.pdf', '2014-07-02 15:08:07', 15, 11),
(131, 18, 25, 1, '/var/www/modular/protected/modules/motivo/../../../uploads/cartas_generadas/formato53b60c6298f94.pdf', '2014-07-04 02:07:34', 16, 12),
(132, 18, 25, 1, '/var/www/modular/protected/modules/motivo/../../../uploads/cartas_generadas/formato53b60c6ab136f.pdf', '2014-07-04 02:07:44', 15, 17),
(133, 18, 25, 1, '/var/www/modular/protected/modules/motivo/../../../uploads/cartas_generadas/formato53b60cb34bd7d.pdf', '2014-07-04 02:08:55', 16, 12),
(134, NULL, 1, 4, '/var/www/modular/protected/modules/motivo/../../../uploads/cartas_generadas/formato5490473b44700.pdf', '2014-12-16 14:52:46', 14, 10),
(135, NULL, 1, 4, '/var/www/modular/protected/modules/motivo/../../../uploads/cartas_generadas/formato549047503154f.pdf', '2014-12-16 14:53:05', 14, 10),
(136, NULL, 1, 4, '/var/www/modular/protected/modules/motivo/../../../uploads/cartas_generadas/formato5490475db31c6.pdf', '2014-12-16 14:53:19', 13, 9),
(137, NULL, 1, 4, '/var/www/modular/protected/modules/motivo/../../../uploads/cartas_generadas/formato549047681326b.pdf', '2014-12-16 14:53:29', 13, 9),
(138, NULL, 1, 4, '/var/www/modular/protected/modules/motivo/../../../uploads/cartas_generadas/formato5490476d8dabc.pdf', '2014-12-16 14:53:37', 17, 13),
(139, NULL, 1, 1, '/var/www/modular/protected/modules/motivo/../../../uploads/cartas_generadas/formato5490631db27cb.pdf', '2014-12-16 16:51:43', 13, 9);

--
-- Volcado de datos para la tabla `ciudad`
--

INSERT INTO `ciudad` (`ciu_codigo`, `ciu_nombre`, `exm_fechacreacion`, `ciu_est_codigo`) VALUES
(1, 'Pereira', '2014-05-08 02:16:11', 2),
(2, 'Medellin', '2014-05-08 02:16:11', 1);

--
-- Volcado de datos para la tabla `documento`
--

INSERT INTO `documento` (`doc_codigo`, `doc_nombre`, `doc_usu_codigo`, `doc_emp_codigo`, `doc_fechacreacion`, `doc_nombrearchivo`, `doc_nota`, `doc_afi_codigo`) VALUES
(5, '/var/www/modular/protected/modules/documento/controllers/../../../../uploads/documentos/539759234c0e6.pdf', 17, 4, '2014-06-10 19:14:43', 'archivo.pdf', 'Señores de audifarma este archivo es el examen que se le hizo a Juan Perez y es apto para ingresar a la empresa', 1),
(7, '/var/www/modular/protected/modules/documento/controllers/../../../../uploads/documentos/53a17dce6d8ac.pdf', 21, 4, '2014-06-18 11:53:50', 'certificado de desembolso.pdf', NULL, 0),
(8, '/var/www/modular/protected/modules/documento/controllers/../../../../uploads/documentos/53a1800ba2d09.pdf', 17, 4, '2014-06-18 12:03:23', 'certificado de desembolso.pdf', NULL, 1),
(10, '/var/www/modular/protected/modules/documento/controllers/../../../../uploads/documentos/53b420edcc6ee.png', 25, 1, '2014-07-02 15:10:37', 'apoyarte.png', NULL, 0);

--
-- Volcado de datos para la tabla `empleado`
--

INSERT INTO `empleado` (`emp_codigo`, `emp_nombre`, `emp_numerodocumento`, `emp_tipodocumento`, `emp_direccion`, `emp_telefonofijo`, `emp_telefonomovil`, `emp_estado`, `emp_emp_codigo`, `emp_usr_codigo`, `emp_email`, `emp_esexempleado`) VALUES
(7, '', '10002222', '', '', '', '', NULL, 1, 12, '', b'0'),
(8, '', '698955555', '', '', '', '', NULL, 1, 13, '', b'0'),
(9, '', '6989555556', '', '', '', '', NULL, 1, 14, '', b'0'),
(10, '', '456456456456', '', '', '', '', NULL, 1, 15, '', b'0'),
(11, 'Sergio Méndez', '3332000', 'CC', 'Cra 26 #36-654', '551232', '31313131313', 'A', 4, 16, 'teste@gmail.com', b'0'),
(12, 'José Bermúdez', '45147364', 'CC', 'Cra 24 #25-36', '566333', '31131402563', 'A', 4, 17, 'test@gmail.com', b'0'),
(14, 'Jesus Andres', '123456789', 'CC', 'Cra 24 #25-236', '566333', '31131402563', 'A', 4, 20, 'jeanbeco@gmail.com', b'0'),
(15, 'Jesus Andres Bermudez Correa', '789456', 'CC', 'Cra 24 #25-236', '566333', '31131402563', 'A', 4, 21, 'jeanbecos@gmail.com', b'0'),
(17, 'Yorlady Giraldo Lopez', '21954972', 'CC', 'Cra 24 #25-236', '566333', '31131402563', 'A', 4, 24, 'yorla7@hotmail.com', b'0'),
(18, 'Juan Pablo Jiménez Henao', '10521021', 'CC', 'Cra 21 #25-369', '3329115', '3202563636', 'A', 1, 25, 'juanpa@gmail.com', b'0'),
(19, 'Empleado de Ips Especializada', '25334569', 'CC', 'Cr 25 # 25-369', '563221', '311326336', 'A', 5, 26, 'empeladoipse@gmail.com', b'0'),
(20, 'Funcionario de Eps Especializada', '362561255', 'CC', 'Cra 52 # 26-36', '5633222', '31122566', 'A', 5, 27, 'funcionarioipespecializada@gmail.com', b'0'),
(21, 'Fernando Rodiño', '9999999', 'CC', 'Cra 25 #25-362-336', '6332223', '3113122255', 'A', 1, 28, 'frodinios@gmail.com', b'0'),
(22, 'Jesus Andres Bermudez Correa', '1088242913', '', 'sfsfdzsdfadf', '332132', '2134532132', 'A', 4, 29, 'afsdfsdf', b'0'),
(23, 'Diego Fernando Cardona Londoño', '9868360', '', 'dfgsdfgsd', 'dfgsdfgsd', 'fgsdfgsd', 'A', 4, 30, 'dfgsdfg', b'0'),
(24, 'yo mi yo tu', '1234567892', '', 'la mia', '123456', '123456', 'A', 4, 31, 'el email', b'0');

--
-- Volcado de datos para la tabla `empresa`
--

INSERT INTO `empresa` (`emp_codigo`, `emp_nombre`, `emp_direccion`, `emp_telefono`, `emp_usr_codigo`, `emp_ciu_codigo`, `emp_email`) VALUES
(1, 'Apoyarte', 'CL 105 14 140', '3562365', 1, 1, 'apoyarte@gmail.com'),
(4, 'Audifarma', 'Calle 105 N° 14 - 140 Zona Industrial de Occidente', '313 78 00', 1, 1, 'servicliente@audifarma.com.co'),
(5, 'IPS especializada', 'CL 105 14 140 PISO 2 ', '3125369', 1, 1, 'ipsespecializada@gmail.com');

--
-- Volcado de datos para la tabla `exempleado`
--

INSERT INTO `exempleado` (`exm_codigo`, `exm_emp_codigo`, `exm_fechacreacion`, `exm_motivo`) VALUES
(1, NULL, '2014-04-24 13:53:31', ''),
(2, NULL, '2014-04-24 14:11:21', ''),
(3, 8, '2014-04-24 14:14:17', ''),
(4, 9, '2014-04-24 14:28:39', ''),
(5, 10, '2014-04-24 14:30:11', ''),
(6, 11, '2014-04-24 14:36:40', '');

--
-- Volcado de datos para la tabla `formato`
--

INSERT INTO `formato` (`for_codigo`, `for_nombre`, `for_texto`, `for_emp_codigo`, `for_usu_codigo`, `for_archivo`, `for_nombrearchivo`, `for_archivovalido`) VALUES
(2, 'Nombre del formato', NULL, 0, 1, '/var/www/html/modular/protected/modules/formato/controllers/../../../../uploads/formatos/534da159a5815borders.rtf', 'archiv2.png', 0),
(9, 'Evaluación Médica Ocupacional de Retiro', NULL, 4, 1, '/var/www/modular/protected/modules/formato/controllers/../../../../uploads/formatos/53a0692663e0d.rtf', 'Retiro.rtf', 1),
(10, 'valuaciones médicas  ocupacionales de INGRESO', NULL, 4, 1, '/var/www/modular/protected/modules/formato/controllers/../../../../uploads/formatos/53a1783787928.rtf', 'Carta de ingreso.rtf', 1),
(12, 'Evaluaciones médicas  ocupacionales de RETIRO', NULL, 1, 1, '/var/www/modular/protected/modules/formato/controllers/../../../../uploads/formatos/53a1d8deaff8a.rtf', 'Retiro.rtf', 1),
(13, 'Evaluaciones médicas ocupacionales de INGRESO', NULL, 5, 1, '/var/www/modular/protected/modules/formato/controllers/../../../../uploads/formatos/53a1dafc3ccef.rtf', 'Carta de ingreso.rtf', 1),
(14, 'Evaluaciones médicas  ocupacionales de RETIRO', NULL, 5, 1, '/var/www/modular/protected/modules/formato/controllers/../../../../uploads/formatos/53a1dbeff3930.rtf', 'Retiro.rtf', 1),
(17, 'Evaluación médica de ingreso', NULL, 1, 1, '/var/www/modular/protected/modules/formato/controllers/../../../../uploads/formatos/53b609ae7d7ac.rtf', 'Carta_Apoyarte_Pereira_Vigente.rtf', 1);

--
-- Volcado de datos para la tabla `formatoxmotivo`
--

INSERT INTO `formatoxmotivo` (`fxm_codigo`, `fxm_for_codigo`, `fxm_mot_codigo`) VALUES
(18, 9, 13),
(19, 10, 14),
(22, 13, 17),
(23, 14, 18),
(25, 17, 15);

--
-- Volcado de datos para la tabla `modul4r_authassignment`
--

INSERT INTO `modul4r_authassignment` (`userid`, `bizrule`, `data`, `itemname`) VALUES
(1, NULL, 'N;', 'funcionarios'),
(1, NULL, 'N;', 'invitados'),
(1, NULL, 'N;', 'SuperAdministrador'),
(10, NULL, 'N;', 'funcionarios'),
(16, NULL, 'N;', 'empleado'),
(16, NULL, 'N;', 'funcionarios'),
(17, NULL, 'N;', 'centromedico'),
(20, NULL, 'N;', 'empleado'),
(20, NULL, 'N;', 'funcionarios'),
(21, NULL, 'N;', 'empleado'),
(21, NULL, 'N;', 'funcionarios'),
(24, NULL, 'N;', 'empleado'),
(25, NULL, 'N;', 'empleado'),
(26, NULL, 'N;', 'empleado'),
(27, NULL, 'N;', 'empleado'),
(27, NULL, 'N;', 'funcionarios'),
(28, NULL, 'N;', 'empleado'),
(29, NULL, 'N;', 'empleado'),
(30, NULL, 'N;', 'empleado'),
(31, NULL, 'N;', 'empleado');

--
-- Volcado de datos para la tabla `modul4r_authitem`
--

INSERT INTO `modul4r_authitem` (`name`, `type`, `description`, `bizrule`, `data`) VALUES
('action_administrador_administrador_admin', 0, '', NULL, 'N;'),
('action_administrador_administrador_create', 0, '', NULL, 'N;'),
('action_administrador_administrador_delete', 0, '', NULL, 'N;'),
('action_administrador_administrador_index', 0, '', NULL, 'N;'),
('action_administrador_administrador_update', 0, '', NULL, 'N;'),
('action_administrador_administrador_view', 0, '', NULL, 'N;'),
('action_afiliadoxempresa_afiliadoxempresa_admin', 0, '', NULL, 'N;'),
('action_afiliadoxempresa_afiliadoxempresa_create', 0, '', NULL, 'N;'),
('action_afiliadoxempresa_afiliadoxempresa_delete', 0, '', NULL, 'N;'),
('action_afiliadoxempresa_afiliadoxempresa_index', 0, '', NULL, 'N;'),
('action_afiliadoxempresa_afiliadoxempresa_update', 0, '', NULL, 'N;'),
('action_afiliadoxempresa_afiliadoxempresa_view', 0, '', NULL, 'N;'),
('action_afiliado_admin', 0, '', NULL, 'N;'),
('action_afiliado_afiliado_admin', 0, '', NULL, 'N;'),
('action_afiliado_afiliado_create', 0, '', NULL, 'N;'),
('action_afiliado_afiliado_delete', 0, '', NULL, 'N;'),
('action_afiliado_afiliado_index', 0, '', NULL, 'N;'),
('action_afiliado_afiliado_update', 0, '', NULL, 'N;'),
('action_afiliado_afiliado_view', 0, '', NULL, 'N;'),
('action_afiliado_create', 0, '', NULL, 'N;'),
('action_afiliado_index', 0, '', NULL, 'N;'),
('action_cartasgeneradas_admin', 0, '', NULL, 'N;'),
('action_cartasgeneradas_cartasgeneradas_admin', 0, '', NULL, 'N;'),
('action_cartasgeneradas_cartasgeneradas_create', 0, '', NULL, 'N;'),
('action_cartasgeneradas_cartasgeneradas_delete', 0, '', NULL, 'N;'),
('action_cartasgeneradas_cartasgeneradas_descargar', 0, '', NULL, 'N;'),
('action_cartasgeneradas_cartasgeneradas_descargarporafiliado', 0, '', NULL, 'N;'),
('action_cartasgeneradas_cartasgeneradas_index', 0, '', NULL, 'N;'),
('action_cartasgeneradas_cartasgeneradas_update', 0, '', NULL, 'N;'),
('action_cartasgeneradas_cartasgeneradas_view', 0, '', NULL, 'N;'),
('action_cartasgeneradas_descargar', 0, '', NULL, 'N;'),
('action_cartasgeneradas_descargarPorAfiliado', 0, '', NULL, 'N;'),
('action_carta_carta_admin', 0, '', NULL, 'N;'),
('action_carta_carta_create', 0, '', NULL, 'N;'),
('action_carta_carta_delete', 0, '', NULL, 'N;'),
('action_carta_carta_index', 0, '', NULL, 'N;'),
('action_carta_carta_update', 0, '', NULL, 'N;'),
('action_carta_carta_view', 0, '', NULL, 'N;'),
('action_carta_index', 0, '', NULL, 'N;'),
('action_centromedico_admin', 0, '', NULL, 'N;'),
('action_centromedico_centromedico_admin', 0, '', NULL, 'N;'),
('action_centromedico_centromedico_create', 0, '', NULL, 'N;'),
('action_centromedico_centromedico_delete', 0, '', NULL, 'N;'),
('action_centromedico_centromedico_index', 0, '', NULL, 'N;'),
('action_centromedico_centromedico_panelgestion', 0, '', NULL, 'N;'),
('action_centromedico_centromedico_update', 0, '', NULL, 'N;'),
('action_centromedico_centromedico_view', 0, '', NULL, 'N;'),
('action_centromedico_create', 0, '', NULL, 'N;'),
('action_centromedico_delete', 0, '', NULL, 'N;'),
('action_centromedico_panelgestion', 0, '', NULL, 'N;'),
('action_centromedico_update', 0, '', NULL, 'N;'),
('action_centromedico_view', 0, '', NULL, 'N;'),
('action_ciudad_ciudad_admin', 0, '', NULL, 'N;'),
('action_ciudad_ciudad_create', 0, '', NULL, 'N;'),
('action_ciudad_ciudad_delete', 0, '', NULL, 'N;'),
('action_ciudad_ciudad_index', 0, '', NULL, 'N;'),
('action_ciudad_ciudad_update', 0, '', NULL, 'N;'),
('action_ciudad_ciudad_view', 0, '', NULL, 'N;'),
('action_contrato_admin', 0, '', NULL, 'N;'),
('action_contrato_contrato_admin', 0, '', '', 'N;'),
('action_contrato_create', 0, '', NULL, 'N;'),
('action_documento_actualizarInformacion', 0, '', NULL, 'N;'),
('action_documento_admin', 0, '', NULL, 'N;'),
('action_documento_adminempleado', 0, '', NULL, 'N;'),
('action_documento_adminempresaxcentromedico', 0, '', NULL, 'N;'),
('action_documento_create', 0, '', NULL, 'N;'),
('action_documento_delete', 0, '', NULL, 'N;'),
('action_documento_descargar', 0, '', NULL, 'N;'),
('action_documento_documento_actualizarinformacion', 0, '', NULL, 'N;'),
('action_documento_documento_admin', 0, '', NULL, 'N;'),
('action_documento_documento_adminempleado', 0, '', NULL, 'N;'),
('action_documento_documento_adminempresaxcentromedico', 0, '', NULL, 'N;'),
('action_documento_documento_borrararchivo', 0, '', NULL, 'N;'),
('action_documento_documento_create', 0, '', NULL, 'N;'),
('action_documento_documento_delete', 0, '', NULL, 'N;'),
('action_documento_documento_descargar', 0, '', NULL, 'N;'),
('action_documento_documento_index', 0, '', NULL, 'N;'),
('action_documento_documento_subirarchivo', 0, '', NULL, 'N;'),
('action_documento_documento_update', 0, '', NULL, 'N;'),
('action_documento_documento_view', 0, '', NULL, 'N;'),
('action_documento_index', 0, '', NULL, 'N;'),
('action_documento_subirArchivo', 0, '', NULL, 'N;'),
('action_empleado_admin', 0, '', NULL, 'N;'),
('action_empleado_contrato_admin', 0, '', NULL, 'N;'),
('action_empleado_contrato_create', 0, '', NULL, 'N;'),
('action_empleado_contrato_delete', 0, '', NULL, 'N;'),
('action_empleado_contrato_index', 0, '', NULL, 'N;'),
('action_empleado_contrato_update', 0, '', NULL, 'N;'),
('action_empleado_contrato_view', 0, '', NULL, 'N;'),
('action_empleado_create', 0, '', NULL, 'N;'),
('action_empleado_delete', 0, '', NULL, 'N;'),
('action_empleado_empleado_admin', 0, '', NULL, 'N;'),
('action_empleado_empleado_create', 0, '', NULL, 'N;'),
('action_empleado_empleado_delete', 0, '', NULL, 'N;'),
('action_empleado_empleado_index', 0, '', NULL, 'N;'),
('action_empleado_empleado_update', 0, '', NULL, 'N;'),
('action_empleado_empleado_view', 0, '', NULL, 'N;'),
('action_empleado_index', 0, '', NULL, 'N;'),
('action_empleado_update', 0, '', NULL, 'N;'),
('action_empleado_view', 0, '', NULL, 'N;'),
('action_empresa_admin', 0, '', NULL, 'N;'),
('action_empresa_create', 0, '', NULL, 'N;'),
('action_empresa_empresa_admin', 0, '', NULL, 'N;'),
('action_empresa_empresa_create', 0, '', NULL, 'N;'),
('action_empresa_empresa_delete', 0, '', NULL, 'N;'),
('action_empresa_empresa_index', 0, '', NULL, 'N;'),
('action_empresa_empresa_update', 0, '', NULL, 'N;'),
('action_empresa_empresa_view', 0, '', NULL, 'N;'),
('action_empresa_index', 0, '', NULL, 'N;'),
('action_empresa_update', 0, '', NULL, 'N;'),
('action_empresa_view', 0, '', NULL, 'N;'),
('action_etiqueta_etiqueta_admin', 0, '', NULL, 'N;'),
('action_etiqueta_etiqueta_create', 0, '', NULL, 'N;'),
('action_etiqueta_etiqueta_delete', 0, '', NULL, 'N;'),
('action_etiqueta_etiqueta_index', 0, '', NULL, 'N;'),
('action_etiqueta_etiqueta_update', 0, '', NULL, 'N;'),
('action_etiqueta_etiqueta_view', 0, '', NULL, 'N;'),
('action_exempleado_exempleado_admin', 0, '', NULL, 'N;'),
('action_exempleado_exempleado_create', 0, '', NULL, 'N;'),
('action_exempleado_exempleado_delete', 0, '', NULL, 'N;'),
('action_exempleado_exempleado_index', 0, '', NULL, 'N;'),
('action_exempleado_exempleado_update', 0, '', NULL, 'N;'),
('action_exempleado_exempleado_view', 0, '', NULL, 'N;'),
('action_formato_actualizarInformacion', 0, '', NULL, 'N;'),
('action_formato_admin', 0, '', NULL, 'N;'),
('action_formato_borrarArchivo', 0, '', NULL, 'N;'),
('action_formato_create', 0, '', NULL, 'N;'),
('action_formato_delete', 0, '', NULL, 'N;'),
('action_formato_descargar', 0, '', NULL, 'N;'),
('action_formato_formato_actualizarinformacion', 0, '', NULL, 'N;'),
('action_formato_formato_admin', 0, '', NULL, 'N;'),
('action_formato_formato_borrararchivo', 0, '', NULL, 'N;'),
('action_formato_formato_create', 0, '', NULL, 'N;'),
('action_formato_formato_delete', 0, '', NULL, 'N;'),
('action_formato_formato_descargar', 0, '', NULL, 'N;'),
('action_formato_formato_index', 0, '', NULL, 'N;'),
('action_formato_formato_subirarchivo', 0, '', NULL, 'N;'),
('action_formato_formato_update', 0, '', NULL, 'N;'),
('action_formato_formato_view', 0, '', NULL, 'N;'),
('action_formato_index', 0, '', NULL, 'N;'),
('action_formato_subirArchivo', 0, '', NULL, 'N;'),
('action_formato_update', 0, '', NULL, 'N;'),
('action_formato_view', 0, '', NULL, 'N;'),
('action_motivo_admin', 0, '', NULL, 'N;'),
('action_motivo_create', 0, '', NULL, 'N;'),
('action_motivo_delete', 0, '', NULL, 'N;'),
('action_motivo_generar', 0, '', NULL, 'N;'),
('action_motivo_index', 0, '', NULL, 'N;'),
('action_motivo_motivo_admin', 0, '', NULL, 'N;'),
('action_motivo_motivo_create', 0, '', NULL, 'N;'),
('action_motivo_motivo_delete', 0, '', NULL, 'N;'),
('action_motivo_motivo_generar', 0, '', NULL, 'N;'),
('action_motivo_motivo_index', 0, '', NULL, 'N;'),
('action_motivo_motivo_panelgestion', 0, '', NULL, 'N;'),
('action_motivo_motivo_pregenerar', 0, '', NULL, 'N;'),
('action_motivo_motivo_update', 0, '', NULL, 'N;'),
('action_motivo_motivo_view', 0, '', NULL, 'N;'),
('action_motivo_panelGestion', 0, '', NULL, 'N;'),
('action_motivo_pregenerar', 0, '', NULL, 'N;'),
('action_motivo_update', 0, '', NULL, 'N;'),
('action_motivo_view', 0, '', NULL, 'N;'),
('action_site_cambiarempresa', 0, '', NULL, 'N;'),
('action_site_contact', 0, '', NULL, 'N;'),
('action_site_error', 0, '', NULL, 'N;'),
('action_site_index', 0, '', NULL, 'N;'),
('action_site_login', 0, '', NULL, 'N;'),
('action_site_logout', 0, '', NULL, 'N;'),
('action_site_welcome', 0, '', NULL, 'N;'),
('action_ui_ajaxrbacitemdescr', 0, '', NULL, 'N;'),
('action_ui_editprofile', 0, '', NULL, 'N;'),
('action_ui_fieldsadmincreate', 0, '', NULL, 'N;'),
('action_ui_fieldsadmindelete', 0, '', NULL, 'N;'),
('action_ui_fieldsadminlist', 0, '', NULL, 'N;'),
('action_ui_rbacajaxassignment', 0, '', NULL, 'N;'),
('action_ui_rbacajaxgetassignmentbizrule', 0, '', NULL, 'N;'),
('action_ui_rbacajaxsetchilditem', 0, '', NULL, 'N;'),
('action_ui_rbacauthitemchilditems', 0, '', NULL, 'N;'),
('action_ui_rbacauthitemcreate', 0, '', NULL, 'N;'),
('action_ui_rbacauthitemdelete', 0, '', NULL, 'N;'),
('action_ui_rbacauthitemupdate', 0, '', NULL, 'N;'),
('action_ui_rbaclistops', 0, '', NULL, 'N;'),
('action_ui_rbaclistroles', 0, '', NULL, 'N;'),
('action_ui_rbaclisttasks', 0, '', NULL, 'N;'),
('action_ui_rbacusersassignments', 0, '', NULL, 'N;'),
('action_ui_systemupdate', 0, '', NULL, 'N;'),
('action_ui_usermanagementadmin', 0, '', NULL, 'N;'),
('action_ui_usermanagementcreate', 0, '', NULL, 'N;'),
('action_ui_usermanagementdelete', 0, '', NULL, 'N;'),
('action_ui_usermanagementupdate', 0, '', NULL, 'N;'),
('action_yiiseo_default_error', 0, '', NULL, 'N;'),
('action_yiiseo_default_index', 0, '', NULL, 'N;'),
('action_yiiseo_default_login', 0, '', NULL, 'N;'),
('action_yiiseo_default_logout', 0, '', NULL, 'N;'),
('action_yiiseo_seo_addmetaname', 0, '', NULL, 'N;'),
('action_yiiseo_seo_addmetaproperty', 0, '', NULL, 'N;'),
('action_yiiseo_seo_create', 0, '', NULL, 'N;'),
('action_yiiseo_seo_delete', 0, '', NULL, 'N;'),
('action_yiiseo_seo_deletemetaname', 0, '', NULL, 'N;'),
('action_yiiseo_seo_deletemetaproperty', 0, '', NULL, 'N;'),
('action_yiiseo_seo_index', 0, '', NULL, 'N;'),
('action_yiiseo_seo_update', 0, '', NULL, 'N;'),
('admin', 0, '', NULL, 'N;'),
('administrar', 1, ':0 Administrar{menu_empresas}{action_empresa_empresa_admin}', '', 'N;'),
('administrarmotivos', 1, ':0 Motivos{menu_empresas}{action_motivo_motivo_admin}', '', 'N;'),
('afiliados', 0, '', NULL, 'N;'),
('cartasgeneradas', 1, ':0 Cartas generadas{menu_empresas}{action_cartasgeneradas_cartasgeneradas_admin}', '', 'N;'),
('centromedico', 2, 'Centros médicios', '', 'N;'),
('centrosmedicos', 1, ':0 Centro Médico{menu_empresas}{action_centromedico_centromedico_admin}', '', 'N;'),
('controller_administrador_administrador', 0, '', NULL, 'N;'),
('controller_afiliadoxempresa_afiliadoxempresa', 0, '', NULL, 'N;'),
('controller_afiliado_afiliado', 0, '', NULL, 'N;'),
('controller_cartasgeneradas_cartasgeneradas', 0, '', NULL, 'N;'),
('controller_carta_carta', 0, '', NULL, 'N;'),
('controller_centromedico_centromedico', 0, '', NULL, 'N;'),
('controller_ciudad_ciudad', 0, '', NULL, 'N;'),
('controller_documento_documento', 0, '', NULL, 'N;'),
('controller_empleado_contrato', 0, '', NULL, 'N;'),
('controller_empleado_empleado', 0, '', NULL, 'N;'),
('controller_empresa_empresa', 0, '', NULL, 'N;'),
('controller_etiqueta_etiqueta', 0, '', NULL, 'N;'),
('controller_exempleado_exempleado', 0, '', NULL, 'N;'),
('controller_formato_formato', 0, '', NULL, 'N;'),
('controller_motivo_motivo', 0, '', NULL, 'N;'),
('controller_site', 0, '', NULL, 'N;'),
('controller_yiiseo_default', 0, '', NULL, 'N;'),
('controller_yiiseo_seo', 0, '', NULL, 'N;'),
('edit-advanced-profile-features', 0, '/var/www/html/modular/protected/modules/cruge/views/ui/usermanagementupdate.php linea 114', NULL, 'N;'),
('empleado', 2, 'Rol para los empleados o exempleados', '', 'N;'),
('Formato', 1, ':0 Formatos{menu_empresas}{action_formato_formato_admin}', '', 'N;'),
('funcionario', 0, '', NULL, 'N;'),
('funcionarios', 2, 'Funcionarios que pueden configurar los datos de la empresa', '', 'N;'),
('fun_administrarcentrosmedicos', 1, ':0 Centros médicos{menu_funcionarios}{action_centromedico_centromedico_admin}', '', 'N;'),
('fun_administrarempleados', 1, ':0 Empleados{menu_funcionarios}{action_empleado_empleado_admin}', '', 'N;'),
('fun_administrarexempleados', 1, ':0 Exempleados{menu_funcionarios}{action_exempleado_exempleado_admin}', '', 'N;'),
('fun_administrarformatos', 1, ':0 Formatos{menu_funcionarios}{action_formato_formato_admin}', '', 'N;'),
('fun_administrarmotivos', 1, ':0 Motivos{menu_funcionarios}{action_motivo_motivo_admin}', '', 'N;'),
('fun_cartasgeneradas', 1, ':0 Cartas generadas{menu_funcionarios}{action_cartasgeneradas_cartasgeneradas_admin}', '', 'N;'),
('fun_documentosafiliados', 1, ':0 Documentos centros médicos{menu_funcionarios}{action_documento_documento_adminempresaxcentromedico}', '', 'N;'),
('gestionardocumentoscentromedico', 1, ':0 Documentos{menu_centromedico}{action_documento_documento_admin}', '', 'N;'),
('invitados', 2, 'Invitados al sistema', '', 'N;'),
('menu_centromedico', 1, ':Centro médico', '', 'N;'),
('menu_empleado', 1, ':Menus para los empleados', '', 'N;'),
('menu_empresas', 1, ':Empresas', '', 'N;'),
('menu_funcionarios', 1, ':Funcionarios', '', 'N;'),
('operaciones', 0, '', NULL, 'N;'),
('paneldocumental', 1, ':0 Certificados{menu_empleado}{action_documento_documento_admin}', '', 'N;'),
('panelgestionempleado', 1, ':0 Panel gestión{menu_empleado}{action_motivo_motivo_panelgestion}', '', 'N;'),
('SuperAdministrador', 2, '', '', 'N;'),
('validarcartas', 1, ':0 Panel gestión{menu_centromedico}{action_centromedico_centromedico_panelgestion}', '', 'N;');

--
-- Volcado de datos para la tabla `modul4r_authitemchild`
--

INSERT INTO `modul4r_authitemchild` (`parent`, `child`) VALUES
('funcionarios', 'action_cartasgeneradas_admin'),
('fun_cartasgeneradas', 'action_cartasgeneradas_admin'),
('cartasgeneradas', 'action_cartasgeneradas_cartasgeneradas_admin'),
('funcionarios', 'action_cartasgeneradas_cartasgeneradas_admin'),
('fun_cartasgeneradas', 'action_cartasgeneradas_cartasgeneradas_admin'),
('funcionarios', 'action_cartasgeneradas_cartasgeneradas_create'),
('funcionarios', 'action_cartasgeneradas_cartasgeneradas_delete'),
('funcionarios', 'action_cartasgeneradas_cartasgeneradas_descargar'),
('fun_cartasgeneradas', 'action_cartasgeneradas_cartasgeneradas_descargar'),
('centromedico', 'action_cartasgeneradas_cartasgeneradas_descargarporafiliado'),
('funcionarios', 'action_cartasgeneradas_cartasgeneradas_descargarporafiliado'),
('fun_cartasgeneradas', 'action_cartasgeneradas_cartasgeneradas_descargarporafiliado'),
('funcionarios', 'action_cartasgeneradas_cartasgeneradas_index'),
('fun_cartasgeneradas', 'action_cartasgeneradas_cartasgeneradas_index'),
('funcionarios', 'action_cartasgeneradas_cartasgeneradas_update'),
('funcionarios', 'action_cartasgeneradas_cartasgeneradas_view'),
('fun_cartasgeneradas', 'action_cartasgeneradas_cartasgeneradas_view'),
('centromedico', 'action_cartasgeneradas_descargarPorAfiliado'),
('funcionarios', 'action_carta_carta_admin'),
('fun_cartasgeneradas', 'action_carta_carta_admin'),
('funcionarios', 'action_carta_carta_create'),
('funcionarios', 'action_carta_carta_delete'),
('funcionarios', 'action_carta_carta_index'),
('fun_cartasgeneradas', 'action_carta_carta_index'),
('funcionarios', 'action_carta_carta_update'),
('funcionarios', 'action_carta_carta_view'),
('fun_cartasgeneradas', 'action_carta_carta_view'),
('funcionarios', 'action_carta_index'),
('fun_cartasgeneradas', 'action_carta_index'),
('funcionarios', 'action_centromedico_admin'),
('fun_administrarcentrosmedicos', 'action_centromedico_admin'),
('centrosmedicos', 'action_centromedico_centromedico_admin'),
('funcionarios', 'action_centromedico_centromedico_admin'),
('fun_administrarcentrosmedicos', 'action_centromedico_centromedico_admin'),
('validarcartas', 'action_centromedico_centromedico_admin'),
('funcionarios', 'action_centromedico_centromedico_create'),
('fun_administrarcentrosmedicos', 'action_centromedico_centromedico_create'),
('funcionarios', 'action_centromedico_centromedico_delete'),
('fun_administrarcentrosmedicos', 'action_centromedico_centromedico_delete'),
('funcionarios', 'action_centromedico_centromedico_index'),
('fun_administrarcentrosmedicos', 'action_centromedico_centromedico_index'),
('validarcartas', 'action_centromedico_centromedico_panelgestion'),
('funcionarios', 'action_centromedico_centromedico_update'),
('fun_administrarcentrosmedicos', 'action_centromedico_centromedico_update'),
('validarcartas', 'action_centromedico_centromedico_update'),
('funcionarios', 'action_centromedico_centromedico_view'),
('fun_administrarcentrosmedicos', 'action_centromedico_centromedico_view'),
('funcionarios', 'action_centromedico_create'),
('fun_administrarcentrosmedicos', 'action_centromedico_create'),
('fun_administrarcentrosmedicos', 'action_centromedico_panelgestion'),
('validarcartas', 'action_centromedico_panelgestion'),
('fun_administrarcentrosmedicos', 'action_centromedico_update'),
('funcionarios', 'action_centromedico_view'),
('fun_administrarcentrosmedicos', 'action_centromedico_view'),
('fun_administrarempleados', 'action_contrato_contrato_admin'),
('menu_funcionarios', 'action_contrato_contrato_admin'),
('centromedico', 'action_documento_actualizarInformacion'),
('empleado', 'action_documento_actualizarInformacion'),
('centromedico', 'action_documento_admin'),
('empleado', 'action_documento_admin'),
('empleado', 'action_documento_adminempleado'),
('funcionarios', 'action_documento_adminempresaxcentromedico'),
('centromedico', 'action_documento_create'),
('empleado', 'action_documento_create'),
('centromedico', 'action_documento_delete'),
('empleado', 'action_documento_delete'),
('centromedico', 'action_documento_descargar'),
('empleado', 'action_documento_descargar'),
('funcionarios', 'action_documento_descargar'),
('funcionarios', 'action_documento_documento_actualizarinformacion'),
('funcionarios', 'action_documento_documento_admin'),
('gestionardocumentoscentromedico', 'action_documento_documento_admin'),
('paneldocumental', 'action_documento_documento_admin'),
('funcionarios', 'action_documento_documento_adminempleado'),
('paneldocumental', 'action_documento_documento_adminempleado'),
('funcionarios', 'action_documento_documento_adminempresaxcentromedico'),
('fun_documentosafiliados', 'action_documento_documento_adminempresaxcentromedico'),
('funcionarios', 'action_documento_documento_borrararchivo'),
('paneldocumental', 'action_documento_documento_borrararchivo'),
('funcionarios', 'action_documento_documento_create'),
('paneldocumental', 'action_documento_documento_create'),
('funcionarios', 'action_documento_documento_delete'),
('paneldocumental', 'action_documento_documento_delete'),
('funcionarios', 'action_documento_documento_descargar'),
('funcionarios', 'action_documento_documento_index'),
('funcionarios', 'action_documento_documento_subirarchivo'),
('paneldocumental', 'action_documento_documento_subirarchivo'),
('funcionarios', 'action_documento_documento_update'),
('paneldocumental', 'action_documento_documento_update'),
('funcionarios', 'action_documento_documento_view'),
('paneldocumental', 'action_documento_documento_view'),
('centromedico', 'action_documento_subirArchivo'),
('empleado', 'action_documento_subirArchivo'),
('funcionarios', 'action_documento_subirArchivo'),
('gestionardocumentoscentromedico', 'action_documento_subirArchivo'),
('funcionarios', 'action_empleado_admin'),
('fun_administrarempleados', 'action_empleado_admin'),
('fun_administrarempleados', 'action_empleado_contrato_admin'),
('fun_administrarempleados', 'action_empleado_contrato_create'),
('fun_administrarempleados', 'action_empleado_contrato_delete'),
('fun_administrarempleados', 'action_empleado_contrato_update'),
('funcionarios', 'action_empleado_create'),
('fun_administrarempleados', 'action_empleado_create'),
('funcionarios', 'action_empleado_delete'),
('fun_administrarempleados', 'action_empleado_delete'),
('funcionarios', 'action_empleado_empleado_admin'),
('fun_administrarempleados', 'action_empleado_empleado_admin'),
('funcionarios', 'action_empleado_empleado_create'),
('fun_administrarempleados', 'action_empleado_empleado_create'),
('funcionarios', 'action_empleado_empleado_delete'),
('fun_administrarempleados', 'action_empleado_empleado_delete'),
('funcionarios', 'action_empleado_empleado_index'),
('fun_administrarempleados', 'action_empleado_empleado_index'),
('funcionarios', 'action_empleado_empleado_update'),
('fun_administrarempleados', 'action_empleado_empleado_update'),
('panelgestionempleado', 'action_empleado_empleado_update'),
('funcionarios', 'action_empleado_empleado_view'),
('fun_administrarempleados', 'action_empleado_empleado_view'),
('funcionarios', 'action_empleado_index'),
('fun_administrarempleados', 'action_empleado_index'),
('funcionarios', 'action_empleado_update'),
('fun_administrarempleados', 'action_empleado_update'),
('funcionarios', 'action_empleado_view'),
('fun_administrarempleados', 'action_empleado_view'),
('funcionarios', 'action_empresa_admin'),
('administrar', 'action_empresa_empresa_admin'),
('menu_empresas', 'action_empresa_empresa_admin'),
('funcionarios', 'action_exempleado_exempleado_admin'),
('fun_administrarempleados', 'action_exempleado_exempleado_admin'),
('fun_administrarexempleados', 'action_exempleado_exempleado_admin'),
('funcionarios', 'action_exempleado_exempleado_create'),
('fun_administrarempleados', 'action_exempleado_exempleado_create'),
('fun_administrarexempleados', 'action_exempleado_exempleado_create'),
('funcionarios', 'action_exempleado_exempleado_delete'),
('fun_administrarempleados', 'action_exempleado_exempleado_delete'),
('fun_administrarexempleados', 'action_exempleado_exempleado_delete'),
('funcionarios', 'action_exempleado_exempleado_index'),
('fun_administrarempleados', 'action_exempleado_exempleado_index'),
('fun_administrarexempleados', 'action_exempleado_exempleado_index'),
('funcionarios', 'action_exempleado_exempleado_update'),
('fun_administrarempleados', 'action_exempleado_exempleado_update'),
('fun_administrarexempleados', 'action_exempleado_exempleado_update'),
('funcionarios', 'action_exempleado_exempleado_view'),
('fun_administrarempleados', 'action_exempleado_exempleado_view'),
('fun_administrarexempleados', 'action_exempleado_exempleado_view'),
('funcionarios', 'action_formato_actualizarInformacion'),
('funcionarios', 'action_formato_admin'),
('fun_administrarformatos', 'action_formato_admin'),
('funcionarios', 'action_formato_borrarArchivo'),
('fun_administrarformatos', 'action_formato_borrarArchivo'),
('funcionarios', 'action_formato_create'),
('fun_administrarformatos', 'action_formato_create'),
('funcionarios', 'action_formato_delete'),
('fun_administrarformatos', 'action_formato_delete'),
('funcionarios', 'action_formato_descargar'),
('fun_administrarformatos', 'action_formato_descargar'),
('funcionarios', 'action_formato_formato_actualizarinformacion'),
('fun_administrarformatos', 'action_formato_formato_actualizarinformacion'),
('Formato', 'action_formato_formato_admin'),
('funcionarios', 'action_formato_formato_admin'),
('fun_administrarformatos', 'action_formato_formato_admin'),
('funcionarios', 'action_formato_formato_borrararchivo'),
('fun_administrarformatos', 'action_formato_formato_borrararchivo'),
('funcionarios', 'action_formato_formato_create'),
('fun_administrarformatos', 'action_formato_formato_create'),
('funcionarios', 'action_formato_formato_delete'),
('fun_administrarformatos', 'action_formato_formato_delete'),
('funcionarios', 'action_formato_formato_descargar'),
('fun_administrarformatos', 'action_formato_formato_descargar'),
('funcionarios', 'action_formato_formato_index'),
('fun_administrarformatos', 'action_formato_formato_index'),
('funcionarios', 'action_formato_formato_subirarchivo'),
('fun_administrarformatos', 'action_formato_formato_subirarchivo'),
('funcionarios', 'action_formato_formato_update'),
('fun_administrarformatos', 'action_formato_formato_update'),
('funcionarios', 'action_formato_formato_view'),
('fun_administrarformatos', 'action_formato_formato_view'),
('funcionarios', 'action_formato_index'),
('fun_administrarformatos', 'action_formato_index'),
('funcionarios', 'action_formato_subirArchivo'),
('fun_administrarformatos', 'action_formato_subirArchivo'),
('funcionarios', 'action_formato_update'),
('fun_administrarformatos', 'action_formato_update'),
('funcionarios', 'action_formato_view'),
('fun_administrarformatos', 'action_formato_view'),
('funcionarios', 'action_motivo_admin'),
('fun_administrarmotivos', 'action_motivo_admin'),
('funcionarios', 'action_motivo_create'),
('fun_administrarmotivos', 'action_motivo_create'),
('funcionarios', 'action_motivo_delete'),
('fun_administrarmotivos', 'action_motivo_delete'),
('funcionarios', 'action_motivo_generar'),
('fun_administrarmotivos', 'action_motivo_generar'),
('panelgestionempleado', 'action_motivo_generar'),
('funcionarios', 'action_motivo_index'),
('fun_administrarmotivos', 'action_motivo_index'),
('administrarmotivos', 'action_motivo_motivo_admin'),
('funcionarios', 'action_motivo_motivo_admin'),
('fun_administrarmotivos', 'action_motivo_motivo_admin'),
('funcionarios', 'action_motivo_motivo_create'),
('fun_administrarmotivos', 'action_motivo_motivo_create'),
('funcionarios', 'action_motivo_motivo_delete'),
('fun_administrarmotivos', 'action_motivo_motivo_delete'),
('empleado', 'action_motivo_motivo_generar'),
('funcionarios', 'action_motivo_motivo_generar'),
('fun_administrarmotivos', 'action_motivo_motivo_generar'),
('panelgestionempleado', 'action_motivo_motivo_generar'),
('funcionarios', 'action_motivo_motivo_index'),
('fun_administrarmotivos', 'action_motivo_motivo_index'),
('empleado', 'action_motivo_motivo_panelgestion'),
('funcionarios', 'action_motivo_motivo_panelgestion'),
('fun_administrarmotivos', 'action_motivo_motivo_panelgestion'),
('panelgestionempleado', 'action_motivo_motivo_panelgestion'),
('SuperAdministrador', 'action_motivo_motivo_panelgestion'),
('funcionarios', 'action_motivo_motivo_pregenerar'),
('fun_administrarmotivos', 'action_motivo_motivo_pregenerar'),
('panelgestionempleado', 'action_motivo_motivo_pregenerar'),
('funcionarios', 'action_motivo_motivo_update'),
('fun_administrarmotivos', 'action_motivo_motivo_update'),
('funcionarios', 'action_motivo_motivo_view'),
('fun_administrarmotivos', 'action_motivo_motivo_view'),
('empleado', 'action_motivo_panelGestion'),
('funcionarios', 'action_motivo_panelGestion'),
('fun_administrarmotivos', 'action_motivo_panelGestion'),
('panelgestionempleado', 'action_motivo_panelGestion'),
('menu_empresas', 'administrar'),
('SuperAdministrador', 'administrar'),
('menu_empresas', 'administrarmotivos'),
('SuperAdministrador', 'administrarmotivos'),
('menu_empresas', 'cartasgeneradas'),
('SuperAdministrador', 'cartasgeneradas'),
('menu_empresas', 'centrosmedicos'),
('SuperAdministrador', 'centrosmedicos'),
('fun_administrarempleados', 'controller_empleado_contrato'),
('funcionarios', 'controller_empleado_empleado'),
('fun_administrarempleados', 'controller_empleado_empleado'),
('funcionarios', 'controller_exempleado_exempleado'),
('fun_administrarempleados', 'controller_exempleado_exempleado'),
('funcionarios', 'controller_formato_formato'),
('menu_empresas', 'Formato'),
('SuperAdministrador', 'Formato'),
('menu_funcionarios', 'fun_administrarcentrosmedicos'),
('menu_funcionarios', 'fun_administrarempleados'),
('menu_funcionarios', 'fun_administrarexempleados'),
('menu_funcionarios', 'fun_administrarformatos'),
('menu_funcionarios', 'fun_administrarmotivos'),
('menu_funcionarios', 'fun_cartasgeneradas'),
('menu_funcionarios', 'fun_documentosafiliados'),
('menu_centromedico', 'gestionardocumentoscentromedico'),
('centromedico', 'menu_centromedico'),
('SuperAdministrador', 'menu_centromedico'),
('empleado', 'menu_empleado'),
('SuperAdministrador', 'menu_empleado'),
('SuperAdministrador', 'menu_empresas'),
('funcionarios', 'menu_funcionarios'),
('SuperAdministrador', 'menu_funcionarios'),
('menu_empleado', 'paneldocumental'),
('menu_empleado', 'panelgestionempleado'),
('centromedico', 'validarcartas'),
('menu_centromedico', 'validarcartas');

--
-- Volcado de datos para la tabla `modul4r_session`
--

INSERT INTO `modul4r_session` (`idsession`, `iduser`, `created`, `expire`, `status`, `ipaddress`, `usagecount`, `lastusage`, `logoutdate`, `ipaddressout`) VALUES
(1, 1, 1397484015, 1397485815, 0, '127.0.0.1', 1, 1397484015, NULL, NULL),
(2, 10, 1397485352, 1397487152, 0, '127.0.0.1', 1, 1397485352, 1397486324, '127.0.0.1'),
(3, 10, 1397486330, 1397488130, 0, '127.0.0.1', 1, 1397486330, 1397486778, '127.0.0.1'),
(4, 1, 1397486549, 1397488349, 0, '127.0.0.1', 1, 1397486549, NULL, NULL),
(5, 10, 1397486782, 1397488582, 0, '127.0.0.1', 1, 1397486782, 1397486827, '127.0.0.1'),
(6, 10, 1397486831, 1397488631, 0, '127.0.0.1', 1, 1397486831, NULL, NULL),
(7, 1, 1397489183, 1397490983, 0, '127.0.0.1', 1, 1397489183, NULL, NULL),
(8, 10, 1397489199, 1397490999, 0, '127.0.0.1', 1, 1397489199, NULL, NULL),
(9, 10, 1397491144, 1397492944, 0, '127.0.0.1', 2, 1397491283, NULL, NULL),
(10, 1, 1397494295, 1397496095, 0, '127.0.0.1', 1, 1397494295, NULL, NULL),
(11, 10, 1397497999, 1397499799, 0, '127.0.0.1', 1, 1397497999, NULL, NULL),
(12, 1, 1397498856, 1397500656, 0, '127.0.0.1', 1, 1397498856, NULL, NULL),
(13, 1, 1397500955, 1397502755, 0, '127.0.0.1', 1, 1397500955, NULL, NULL),
(14, 10, 1397501928, 1397503728, 0, '127.0.0.1', 1, 1397501928, 1397502478, '127.0.0.1'),
(15, 10, 1397502483, 1397504283, 0, '127.0.0.1', 1, 1397502483, NULL, NULL),
(16, 1, 1397502780, 1397504580, 0, '127.0.0.1', 1, 1397502780, NULL, NULL),
(17, 10, 1397505378, 1397507178, 0, '127.0.0.1', 2, 1397506589, 1397506596, '127.0.0.1'),
(18, 1, 1397506602, 1397508402, 1, '127.0.0.1', 1, 1397506602, NULL, NULL),
(19, 10, 1397507140, 1397508940, 1, '127.0.0.1', 1, 1397507140, NULL, NULL),
(20, 1, 1397586352, 1397588152, 0, '127.0.0.1', 1, 1397586352, NULL, NULL),
(21, 1, 1397588421, 1397590221, 0, '127.0.0.1', 1, 1397588421, NULL, NULL),
(22, 1, 1397590520, 1397592320, 0, '127.0.0.1', 1, 1397590520, NULL, NULL),
(23, 1, 1397592340, 1397594140, 0, '127.0.0.1', 1, 1397592340, NULL, NULL),
(24, 1, 1397594251, 1397596051, 0, '127.0.0.1', 1, 1397594251, NULL, NULL),
(25, 1, 1397596113, 1397597913, 0, '127.0.0.1', 1, 1397596113, 1397596541, '127.0.0.1'),
(26, 1, 1397596550, 1397598350, 0, '127.0.0.1', 1, 1397596550, NULL, NULL),
(27, 1, 1397598809, 1397600609, 0, '127.0.0.1', 1, 1397598809, NULL, NULL),
(28, 1, 1397601111, 1397602911, 0, '127.0.0.1', 1, 1397601111, NULL, NULL),
(29, 1, 1397658467, 1397660267, 0, '127.0.0.1', 1, 1397658467, 1397658813, '127.0.0.1'),
(30, 1, 1397658820, 1397660620, 0, '127.0.0.1', 1, 1397658820, NULL, NULL),
(31, 1, 1397660666, 1397662466, 0, '127.0.0.1', 1, 1397660666, NULL, NULL),
(32, 1, 1397662490, 1397664290, 0, '127.0.0.1', 2, 1397664117, NULL, NULL),
(33, 1, 1397664571, 1397666371, 0, '127.0.0.1', 1, 1397664571, NULL, NULL),
(34, 1, 1397666578, 1397668378, 1, '127.0.0.1', 1, 1397666578, NULL, NULL),
(35, 1, 1398113373, 1398115173, 1, '127.0.0.1', 1, 1398113373, NULL, NULL),
(36, 1, 1398178055, 1398179855, 0, '127.0.0.1', 1, 1398178055, NULL, NULL),
(37, 1, 1398183290, 1398185090, 0, '127.0.0.1', 1, 1398183290, NULL, NULL),
(38, 1, 1398185377, 1398187177, 1, '127.0.0.1', 1, 1398185377, NULL, NULL),
(39, 1, 1398271504, 1398273304, 0, '127.0.0.1', 1, 1398271504, NULL, NULL),
(40, 1, 1398285314, 1398287114, 0, '127.0.0.1', 1, 1398285314, NULL, NULL),
(41, 1, 1398289422, 1398291222, 0, '127.0.0.1', 1, 1398289422, 1398291029, '127.0.0.1'),
(42, 1, 1398291036, 1398292836, 0, '127.0.0.1', 1, 1398291036, 1398291488, '127.0.0.1'),
(43, 11, 1398291497, 1398293297, 0, '127.0.0.1', 1, 1398291497, 1398291502, '127.0.0.1'),
(44, 1, 1398291729, 1398293529, 0, '127.0.0.1', 1, 1398291729, 1398292048, '127.0.0.1'),
(45, 13, 1398292071, 1398293871, 0, '127.0.0.1', 1, 1398292071, 1398292077, '127.0.0.1'),
(46, 1, 1398292081, 1398293881, 0, '127.0.0.1', 1, 1398292081, NULL, NULL),
(47, 1, 1398293923, 1398295723, 0, '127.0.0.1', 1, 1398293923, NULL, NULL),
(48, 1, 1398341784, 1398343584, 0, '127.0.0.1', 1, 1398341784, NULL, NULL),
(49, 1, 1398345569, 1398347369, 0, '127.0.0.1', 1, 1398345569, NULL, NULL),
(50, 1, 1398347400, 1398349200, 0, '127.0.0.1', 1, 1398347400, NULL, NULL),
(51, 1, 1398349321, 1398351121, 0, '127.0.0.1', 1, 1398349321, NULL, NULL),
(52, 1, 1398351211, 1398353011, 0, '127.0.0.1', 1, 1398351211, NULL, NULL),
(53, 1, 1398353125, 1398354925, 0, '127.0.0.1', 1, 1398353125, NULL, NULL),
(54, 1, 1398355625, 1398357425, 0, '127.0.0.1', 1, 1398355625, NULL, NULL),
(55, 1, 1398357446, 1398359246, 0, '127.0.0.1', 1, 1398357446, NULL, NULL),
(56, 1, 1398367974, 1398369774, 0, '127.0.0.1', 1, 1398367974, NULL, NULL),
(57, 1, 1398370318, 1398372118, 0, '127.0.0.1', 1, 1398370318, NULL, NULL),
(58, 1, 1398372939, 1398374739, 0, '127.0.0.1', 1, 1398372939, NULL, NULL),
(59, 1, 1398374852, 1398376652, 0, '127.0.0.1', 1, 1398374852, NULL, NULL),
(60, 1, 1398376665, 1398378465, 1, '127.0.0.1', 1, 1398376665, NULL, NULL),
(61, 1, 1398427980, 1398429780, 0, '127.0.0.1', 1, 1398427980, NULL, NULL),
(62, 1, 1398436707, 1398438507, 0, '127.0.0.1', 1, 1398436707, NULL, NULL),
(63, 1, 1398439298, 1398441098, 1, '127.0.0.1', 1, 1398439298, NULL, NULL),
(64, 1, 1398443673, 1398445473, 1, '127.0.0.1', 1, 1398443673, NULL, NULL),
(65, 1, 1399313539, 1399315339, 0, '127.0.0.1', 1, 1399313539, NULL, NULL),
(66, 1, 1399315451, 1399317251, 1, '127.0.0.1', 1, 1399315451, NULL, NULL),
(67, 1, 1399340432, 1399342232, 0, '190.71.11.92', 1, 1399340432, 1399340765, '190.71.11.92'),
(68, 11, 1399340773, 1399342573, 0, '190.71.11.92', 1, 1399340773, 1399340786, '190.71.11.92'),
(69, 1, 1399340795, 1399342595, 0, '190.71.11.92', 1, 1399340795, 1399340868, '190.71.11.92'),
(70, 11, 1399340877, 1399342677, 0, '190.71.11.92', 1, 1399340877, 1399340881, '190.71.11.92'),
(71, 1, 1399378263, 1399380063, 0, '190.248.128.94', 1, 1399378263, NULL, NULL),
(72, 1, 1399380997, 1399382797, 1, '190.248.128.94', 1, 1399380997, NULL, NULL),
(73, 1, 1399500913, 1399502713, 0, '190.248.128.94', 1, 1399500913, 1399502504, '190.248.128.94'),
(74, 1, 1399515280, 1399517080, 0, '190.251.98.129', 1, 1399515280, NULL, NULL),
(75, 1, 1399517142, 1399518942, 0, '190.251.98.129', 1, 1399517142, NULL, NULL),
(76, 1, 1399519012, 1399520812, 0, '190.251.98.129', 1, 1399519012, 1399519960, '190.251.98.129'),
(77, 17, 1399519974, 1399521774, 0, '190.251.98.129', 1, 1399519974, 1399519985, '190.251.98.129'),
(78, 1, 1399519992, 1399521792, 0, '190.251.98.129', 1, 1399519992, 1399520195, '190.251.98.129'),
(79, 17, 1399520205, 1399522005, 0, '190.251.98.129', 1, 1399520205, 1399520215, '190.251.98.129'),
(80, 1, 1399520227, 1399522027, 0, '190.251.98.129', 1, 1399520227, 1399520619, '190.251.98.129'),
(81, 17, 1399520626, 1399522426, 1, '190.251.98.129', 1, 1399520626, NULL, NULL),
(82, 1, 1399670244, 1399672044, 0, '66.249.88.116', 1, 1399670244, NULL, NULL),
(83, 1, 1399733734, 1399735534, 1, '190.251.98.129', 1, 1399733734, NULL, NULL),
(84, 1, 1399764384, 1399766184, 0, '190.251.98.129', 2, 1399764897, 1399765021, '190.251.98.129'),
(85, 20, 1399765028, 1399766828, 0, '190.251.98.129', 1, 1399765028, 1399765042, '190.251.98.129'),
(86, 1, 1399765048, 1399766848, 0, '190.251.98.129', 1, 1399765048, 1399765084, '190.251.98.129'),
(87, 20, 1399765100, 1399766900, 0, '190.251.98.129', 1, 1399765100, 1399765112, '190.251.98.129'),
(88, 1, 1399765119, 1399766919, 0, '190.251.98.129', 1, 1399765119, 1399765997, '190.251.98.129'),
(89, 20, 1399766003, 1399767803, 0, '190.251.98.129', 1, 1399766003, 1399766010, '190.251.98.129'),
(90, 1, 1399766015, 1399767815, 0, '190.251.98.129', 1, 1399766015, 1399766074, '190.251.98.129'),
(91, 20, 1399766079, 1399767879, 0, '190.251.98.129', 1, 1399766079, 1399766106, '190.251.98.129'),
(92, 1, 1399766111, 1399767911, 0, '190.251.98.129', 1, 1399766111, 1399766263, '190.251.98.129'),
(93, 20, 1399766268, 1399768068, 0, '190.251.98.129', 1, 1399766268, 1399766775, '190.251.98.129'),
(94, 1, 1399766781, 1399768581, 0, '190.251.98.129', 1, 1399766781, 1399766876, '190.251.98.129'),
(95, 20, 1399766882, 1399768682, 0, '190.251.98.129', 1, 1399766882, 1399767532, '190.251.98.129'),
(96, 1, 1399767537, 1399769337, 0, '190.251.98.129', 1, 1399767537, 1399767660, '190.251.98.129'),
(97, 20, 1399767665, 1399769465, 0, '190.251.98.129', 1, 1399767665, 1399767676, '190.251.98.129'),
(98, 1, 1399767681, 1399769481, 0, '190.251.98.129', 1, 1399767681, 1399767703, '190.251.98.129'),
(99, 20, 1399767725, 1399769525, 0, '190.251.98.129', 1, 1399767725, 1399767740, '190.251.98.129'),
(100, 1, 1399767744, 1399769544, 0, '190.251.98.129', 1, 1399767744, 1399767801, '190.251.98.129'),
(101, 20, 1399767807, 1399769607, 0, '190.251.98.129', 1, 1399767807, 1399767864, '190.251.98.129'),
(102, 1, 1399767868, 1399769668, 0, '190.251.98.129', 1, 1399767868, 1399767921, '190.251.98.129'),
(103, 20, 1399767927, 1399769727, 0, '190.251.98.129', 1, 1399767927, 1399768140, '190.251.98.129'),
(104, 1, 1399768523, 1399770323, 0, '190.251.98.129', 1, 1399768523, 1399768585, '190.251.98.129'),
(105, 20, 1399768588, 1399770388, 0, '190.127.0.14', 2, 1399768637, NULL, NULL),
(106, 1, 1399770813, 1399772613, 0, '190.251.98.129', 1, 1399770813, 1399771023, '190.251.98.129'),
(107, 21, 1399771074, 1399772874, 0, '190.127.0.14', 2, 1399771083, 1399771395, '190.251.98.129'),
(108, 1, 1399771399, 1399773199, 0, '190.251.98.129', 1, 1399771399, 1399771460, '190.251.98.129'),
(109, 21, 1399771480, 1399773280, 0, '190.251.98.129', 1, 1399771480, 1399772039, '190.251.98.129'),
(110, 20, 1399771603, 1399773403, 1, '190.127.0.14', 1, 1399771603, NULL, NULL),
(111, 1, 1399772044, 1399773844, 0, '190.251.98.129', 1, 1399772044, 1399772090, '190.251.98.129'),
(112, 1, 1399772094, 1399773894, 0, '190.251.98.129', 1, 1399772094, 1399772097, '190.251.98.129'),
(113, 21, 1399772126, 1399773926, 0, '190.127.0.14', 2, 1399772192, 1399772334, '190.251.98.129'),
(114, 1, 1399772343, 1399774143, 0, '190.127.0.14', 2, 1399772371, 1399773048, '190.251.98.129'),
(115, 17, 1399773185, 1399774985, 0, '190.251.98.129', 1, 1399773185, 1399773267, '190.251.98.129'),
(116, 1, 1399773271, 1399775071, 0, '190.251.98.129', 1, 1399773271, 1399773298, '190.251.98.129'),
(117, 17, 1399773320, 1399775120, 0, '190.251.98.129', 1, 1399773320, 1399773429, '190.251.98.129'),
(118, 17, 1399773439, 1399775239, 0, '190.127.0.14', 2, 1399773666, 1399773713, '190.251.98.129'),
(119, 17, 1399773718, 1399775518, 0, '190.251.98.129', 3, 1399773761, 1399773823, '190.251.98.129'),
(120, 17, 1399773852, 1399775652, 0, '190.251.98.129', 1, 1399773852, 1399773897, '190.251.98.129'),
(121, 1, 1399773903, 1399775703, 0, '190.251.98.129', 1, 1399773903, 1399773981, '190.251.98.129'),
(122, 21, 1399773988, 1399775788, 0, '190.251.98.129', 1, 1399773988, 1399773999, '190.251.98.129'),
(123, 1, 1399774026, 1399775826, 0, '190.251.98.129', 1, 1399774026, 1399775499, '190.251.98.129'),
(124, 17, 1399774063, 1399775863, 1, '190.127.0.14', 1, 1399774063, NULL, NULL),
(125, 1, 1399775612, 1399777412, 0, '190.251.98.129', 1, 1399775612, 1399775856, '190.251.98.129'),
(126, 24, 1399775868, 1399777668, 0, '190.251.98.129', 1, 1399775868, 1399775910, '190.251.98.129'),
(127, 17, 1399775949, 1399777749, 0, '190.251.98.129', 1, 1399775949, 1399776019, '190.251.98.129'),
(128, 1, 1399776023, 1399777823, 0, '190.251.98.129', 1, 1399776023, 1399776085, '190.251.98.129'),
(129, 24, 1399776091, 1399777891, 0, '190.251.98.129', 1, 1399776091, 1399776097, '190.251.98.129'),
(130, 17, 1399776106, 1399777906, 0, '190.251.98.129', 1, 1399776106, 1399776118, '190.251.98.129'),
(131, 1, 1399776138, 1399777938, 0, '190.251.98.129', 1, 1399776138, 1399776183, '190.251.98.129'),
(132, 17, 1399776194, 1399777994, 0, '190.251.98.129', 1, 1399776194, 1399776222, '190.251.98.129'),
(133, 1, 1399776229, 1399778029, 0, '190.251.98.129', 1, 1399776229, 1399776253, '190.251.98.129'),
(134, 17, 1399776258, 1399778058, 0, '190.251.98.129', 1, 1399776258, 1399776292, '190.251.98.129'),
(135, 1, 1399776300, 1399778100, 1, '190.251.98.129', 1, 1399776300, NULL, NULL),
(136, 21, 1399897644, 1399899444, 1, '190.14.237.211', 2, 1399897659, NULL, NULL),
(137, 21, 1400078253, 1400080053, 1, '190.14.237.211', 1, 1400078253, NULL, NULL),
(138, 24, 1400078278, 1400080078, 0, '190.14.237.211', 1, 1400078278, NULL, NULL),
(139, 17, 1400080204, 1400082004, 0, '190.248.128.94', 1, 1400080204, 1400080236, '190.248.128.94'),
(140, 21, 1400080249, 1400082049, 0, '190.248.128.94', 1, 1400080249, 1400080257, '190.248.128.94'),
(141, 20, 1400080260, 1400082060, 1, '190.248.128.94', 1, 1400080260, NULL, NULL),
(142, 17, 1400080302, 1400082102, 1, '190.14.237.211', 1, 1400080302, NULL, NULL),
(143, 24, 1400108749, 1400110549, 0, '190.14.237.211', 1, 1400108749, 1400108836, '190.14.237.211'),
(144, 21, 1400108853, 1400110653, 0, '190.14.237.211', 1, 1400108853, 1400108861, '190.14.237.211'),
(145, 17, 1400108868, 1400110668, 1, '190.14.237.211', 1, 1400108868, NULL, NULL),
(146, 1, 1400114081, 1400115881, 1, '190.0.12.67', 1, 1400114081, NULL, NULL),
(147, 1, 1400117357, 1400119157, 0, '190.0.12.67', 1, 1400117357, 1400117447, '190.0.12.67'),
(148, 1, 1400117608, 1400119408, 1, '190.0.12.67', 1, 1400117608, NULL, NULL),
(149, 1, 1401461669, 1401463469, 1, '190.248.128.94', 1, 1401461669, NULL, NULL),
(150, 1, 1401481291, 1401483091, 1, '127.0.0.1', 1, 1401481291, NULL, NULL),
(151, 1, 1402417423, 1402419223, 0, '127.0.0.1', 1, 1402417423, 1402418427, '127.0.0.1'),
(152, 17, 1402418430, 1402420230, 1, '127.0.0.1', 1, 1402418430, NULL, NULL),
(153, 17, 1402424306, 1402426106, 0, '127.0.0.1', 1, 1402424306, 1402424605, '127.0.0.1'),
(154, 1, 1402424611, 1402426411, 0, '127.0.0.1', 1, 1402424611, 1402424780, '127.0.0.1'),
(155, 17, 1402424785, 1402426585, 0, '127.0.0.1', 1, 1402424785, 1402424804, '127.0.0.1'),
(156, 1, 1402424810, 1402426610, 0, '127.0.0.1', 1, 1402424810, 1402425256, '127.0.0.1'),
(157, 17, 1402425261, 1402427061, 0, '127.0.0.1', 1, 1402425261, 1402425277, '127.0.0.1'),
(158, 1, 1402425283, 1402427083, 0, '127.0.0.1', 1, 1402425283, 1402425308, '127.0.0.1'),
(159, 17, 1402425312, 1402427112, 0, '127.0.0.1', 1, 1402425312, 1402426231, '127.0.0.1'),
(160, 1, 1402426239, 1402428039, 0, '127.0.0.1', 1, 1402426239, 1402427669, '127.0.0.1'),
(161, 17, 1402427673, 1402429473, 0, '127.0.0.1', 1, 1402427673, 1402427830, '127.0.0.1'),
(162, 1, 1402427835, 1402429635, 0, '127.0.0.1', 1, 1402427835, 1402428966, '127.0.0.1'),
(163, 17, 1402428970, 1402430770, 0, '127.0.0.1', 1, 1402428970, 1402429001, '127.0.0.1'),
(164, 1, 1402429005, 1402430805, 0, '127.0.0.1', 1, 1402429005, NULL, NULL),
(165, 1, 1402430913, 1402432713, 1, '127.0.0.1', 1, 1402430913, NULL, NULL),
(166, 1, 1403010549, 1403012349, 0, '127.0.0.1', 1, 1403010549, NULL, NULL),
(167, 1, 1403012396, 1403014196, 0, '127.0.0.1', 2, 1403013705, NULL, NULL),
(168, 1, 1403014714, 1403016514, 0, '127.0.0.1', 1, 1403014714, NULL, NULL),
(169, 1, 1403016668, 1403018468, 0, '127.0.0.1', 2, 1403017283, NULL, NULL),
(170, 1, 1403018898, 1403020698, 0, '127.0.0.1', 1, 1403018898, 1403020029, '127.0.0.1'),
(171, 17, 1403020032, 1403021832, 0, '127.0.0.1', 1, 1403020032, 1403020041, '127.0.0.1'),
(172, 20, 1403020044, 1403021844, 0, '127.0.0.1', 1, 1403020044, 1403020632, '127.0.0.1'),
(173, 1, 1403020636, 1403022436, 0, '127.0.0.1', 1, 1403020636, 1403020738, '127.0.0.1'),
(174, 20, 1403020758, 1403022558, 0, '127.0.0.1', 1, 1403020758, 1403021548, '127.0.0.1'),
(175, 1, 1403021554, 1403023354, 0, '127.0.0.1', 1, 1403021554, 1403021639, '127.0.0.1'),
(176, 20, 1403021705, 1403023505, 0, '127.0.0.1', 1, 1403021705, NULL, NULL),
(177, 1, 1403023647, 1403025447, 0, '127.0.0.1', 1, 1403023647, 1403023650, '127.0.0.1'),
(178, 20, 1403023658, 1403025458, 1, '127.0.0.1', 1, 1403023658, NULL, NULL),
(179, 20, 1403090845, 1403092645, 0, '190.248.128.94', 1, 1403090845, 1403090973, '190.248.128.94'),
(180, 1, 1403090978, 1403092778, 0, '190.248.128.94', 1, 1403090978, 1403091046, '190.248.128.94'),
(181, 20, 1403091054, 1403092854, 0, '190.248.128.94', 1, 1403091054, 1403091207, '190.248.128.94'),
(182, 1, 1403091211, 1403093011, 0, '190.248.128.94', 1, 1403091211, 1403091291, '190.248.128.94'),
(183, 20, 1403091299, 1403093099, 0, '190.248.128.94', 1, 1403091299, 1403091321, '190.248.128.94'),
(184, 1, 1403091326, 1403093126, 0, '190.248.128.94', 1, 1403091326, 1403091409, '190.248.128.94'),
(185, 20, 1403091416, 1403093216, 0, '190.248.128.94', 1, 1403091416, 1403091449, '190.248.128.94'),
(186, 1, 1403091453, 1403093253, 0, '190.248.128.94', 1, 1403091453, 1403091499, '190.248.128.94'),
(187, 20, 1403091505, 1403093305, 0, '190.248.128.94', 1, 1403091505, 1403091530, '190.248.128.94'),
(188, 1, 1403091537, 1403093337, 0, '190.248.128.94', 1, 1403091537, 1403091776, '190.248.128.94'),
(189, 20, 1403091783, 1403093583, 0, '190.248.128.94', 1, 1403091783, 1403091807, '190.248.128.94'),
(190, 1, 1403091812, 1403093612, 0, '190.248.128.94', 1, 1403091812, 1403091849, '190.248.128.94'),
(191, 21, 1403091852, 1403093652, 0, '190.248.128.94', 1, 1403091852, 1403092333, '190.248.128.94'),
(192, 1, 1403092337, 1403094137, 0, '190.248.128.94', 1, 1403092337, 1403092360, '190.248.128.94'),
(193, 21, 1403092368, 1403094168, 0, '190.248.128.94', 1, 1403092368, 1403092434, '190.248.128.94'),
(194, 1, 1403092439, 1403094239, 0, '190.248.128.94', 1, 1403092439, 1403092588, '190.248.128.94'),
(195, 21, 1403092597, 1403094397, 0, '190.248.128.94', 1, 1403092597, 1403092656, '190.248.128.94'),
(196, 1, 1403092662, 1403094462, 0, '190.248.128.94', 1, 1403092662, 1403092758, '190.248.128.94'),
(197, 17, 1403092767, 1403094567, 0, '190.248.128.94', 1, 1403092767, 1403092788, '190.248.128.94'),
(198, 20, 1403092791, 1403094591, 0, '190.248.128.94', 1, 1403092791, 1403092806, '190.248.128.94'),
(199, 1, 1403092810, 1403094610, 0, '190.248.128.94', 1, 1403092810, 1403092855, '190.248.128.94'),
(200, 17, 1403092862, 1403094662, 0, '190.248.128.94', 1, 1403092862, 1403092876, '190.248.128.94'),
(201, 1, 1403092881, 1403094681, 0, '190.248.128.94', 1, 1403092881, 1403092941, '190.248.128.94'),
(202, 17, 1403092944, 1403094744, 0, '190.248.128.94', 1, 1403092944, 1403093012, '190.248.128.94'),
(203, 20, 1403093019, 1403094819, 0, '190.248.128.94', 1, 1403093019, 1403093029, '190.248.128.94'),
(204, 1, 1403093034, 1403094834, 0, '190.248.128.94', 1, 1403093034, 1403093054, '190.248.128.94'),
(205, 20, 1403093058, 1403094858, 0, '190.248.128.94', 1, 1403093058, 1403094092, '190.248.128.94'),
(206, 1, 1403094097, 1403095897, 0, '190.248.128.94', 1, 1403094097, 1403094305, '190.248.128.94'),
(207, 25, 1403094309, 1403096109, 0, '190.248.128.94', 1, 1403094309, 1403094341, '190.248.128.94'),
(208, 1, 1403094346, 1403096146, 1, '190.248.128.94', 1, 1403094346, NULL, NULL),
(209, 1, 1403115617, 1403117417, 0, '190.248.128.94', 1, 1403115617, 1403117010, '190.248.128.94'),
(210, 1, 1403178727, 1403180527, 0, '190.248.128.94', 1, 1403178727, 1403178757, '190.248.128.94'),
(211, 1, 1403183798, 1403185598, 1, '190.248.128.94', 1, 1403183798, NULL, NULL),
(212, 1, 1403271710, 1403273510, 0, '190.248.128.94', 1, 1403271710, 1403272137, '190.248.128.94'),
(213, 25, 1403272146, 1403273946, 0, '190.248.128.94', 1, 1403272146, 1403272162, '190.248.128.94'),
(214, 1, 1403272174, 1403273974, 0, '190.248.128.94', 1, 1403272174, 1403272205, '190.248.128.94'),
(215, 25, 1403272215, 1403274015, 0, '190.248.128.94', 1, 1403272215, 1403272226, '190.248.128.94'),
(216, 1, 1403272249, 1403274049, 0, '190.248.128.94', 1, 1403272249, 1403272400, '190.248.128.94'),
(217, 25, 1403272420, 1403274220, 0, '190.248.128.94', 1, 1403272420, 1403272498, '190.248.128.94'),
(218, 24, 1403272510, 1403274310, 0, '190.248.128.94', 1, 1403272510, 1403272533, '190.248.128.94'),
(219, 26, 1403272548, 1403274348, 0, '190.248.128.94', 1, 1403272548, NULL, NULL),
(220, 25, 1403273953, 1403275753, 0, '190.14.237.211', 1, 1403273953, 1403274062, '190.14.237.211'),
(221, 16, 1403274129, 1403275929, 0, '190.14.237.211', 1, 1403274129, 1403274724, '190.14.237.211'),
(222, 1, 1403275105, 1403276905, 0, '190.248.128.94', 1, 1403275105, 1403275366, '190.248.128.94'),
(223, 28, 1403275373, 1403277173, 0, '190.248.128.94', 1, 1403275373, NULL, NULL),
(224, 16, 1403278874, 1403280674, 0, '190.248.128.94', 2, 1403279190, 1403279750, '190.248.128.94'),
(225, 1, 1403279119, 1403280919, 0, '190.248.128.94', 1, 1403279119, 1403279180, '190.248.128.94'),
(226, 16, 1403279770, 1403281570, 0, '190.248.128.94', 1, 1403279770, 1403279969, '190.248.128.94'),
(227, 1, 1403279982, 1403281782, 0, '190.248.128.94', 1, 1403279982, 1403280048, '190.248.128.94'),
(228, 16, 1403280057, 1403281857, 0, '190.14.237.211', 2, 1403280181, 1403280223, '190.14.237.211'),
(229, 29, 1403280240, 1403282040, 0, '190.14.237.211', 1, 1403280240, 1403280344, '190.14.237.211'),
(230, 16, 1403280367, 1403282167, 1, '190.14.237.211', 2, 1403280370, NULL, NULL),
(231, 21, 1403290831, 1403292631, 0, '190.14.237.211', 1, 1403290831, 1403290866, '190.14.237.211'),
(232, 30, 1403290879, 1403292679, 1, '190.14.237.211', 1, 1403290879, NULL, NULL),
(233, 21, 1403293784, 1403295584, 0, '190.14.237.211', 1, 1403293784, 1403293835, '190.14.237.211'),
(234, 31, 1403293868, 1403295668, 1, '190.14.237.211', 1, 1403293868, NULL, NULL),
(235, 1, 1403306991, 1403308791, 0, '190.0.12.67', 1, 1403306991, 1403307034, '190.0.12.67'),
(236, 28, 1403307044, 1403308844, 1, '190.0.12.67', 1, 1403307044, NULL, NULL),
(237, 31, 1403615504, 1403617304, 1, '190.14.237.211', 1, 1403615504, NULL, NULL),
(238, 25, 1404313476, 1404315276, 0, '186.86.12.214', 3, 1404313654, 1404314082, '190.248.128.94'),
(239, 16, 1404314092, 1404315892, 0, '190.248.128.94', 1, 1404314092, 1404314141, '190.248.128.94'),
(240, 16, 1404314142, 1404315942, 0, '186.86.12.214', 1, 1404314142, 1404314624, '186.86.12.214'),
(241, 1, 1404314153, 1404315953, 0, '190.248.128.94', 1, 1404314153, 1404314185, '190.248.128.94'),
(242, 1, 1404314675, 1404316475, 1, '186.86.12.214', 2, 1404314821, NULL, NULL),
(243, 1, 1404435816, 1404437616, 0, '190.251.71.79', 2, 1404437524, NULL, NULL),
(244, 1, 1404437831, 1404439631, 0, '190.251.71.79', 1, 1404437831, 1404439574, '190.251.71.79'),
(245, 17, 1404439603, 1404441403, 0, '190.251.71.79', 1, 1404439603, 1404439609, '190.251.71.79'),
(246, 25, 1404439646, 1404441446, 0, '190.251.71.79', 1, 1404439646, 1404439691, '190.251.71.79'),
(247, 25, 1404439726, 1404441526, 0, '190.251.71.79', 1, 1404439726, 1404440076, '190.251.71.79'),
(248, 1, 1406636389, 1406638189, 0, '190.248.128.94', 1, 1406636389, 1406636459, '190.248.128.94'),
(249, 1, 1408477456, 1408479256, 1, '190.248.128.94', 1, 1408477456, NULL, NULL),
(250, 1, 1409340850, 1409342650, 0, '190.248.128.94', 1, 1409340850, 1409340858, '190.248.128.94'),
(251, 1, 1409341073, 1409342873, 0, '190.144.71.250', 2, 1409341198, 1409341755, '190.144.71.250'),
(252, 1, 1418741464, 1418743264, 1, '190.248.128.94', 1, 1418741464, NULL, NULL),
(253, 1, 1418746129, 1418747929, 0, '190.248.128.94', 1, 1418746129, 1418747667, '190.248.128.94'),
(254, 1, 1418747680, 1418749480, 1, '190.248.128.94', 1, 1418747680, NULL, NULL),
(255, 1, 1421941314, 1421943114, 0, '192.168.33.1', 1, 1421941314, NULL, NULL),
(256, 1, 1421945519, 1421947319, 1, '192.168.33.1', 1, 1421945519, NULL, NULL),
(257, 1, 1421954259, 1421956059, 0, '192.168.33.1', 1, 1421954259, NULL, NULL),
(258, 1, 1421956087, 1421957887, 0, '192.168.33.1', 1, 1421956087, 1421957306, '192.168.33.1'),
(259, 1, 1421957318, 1421959118, 0, '192.168.33.1', 1, 1421957318, NULL, NULL),
(260, 1, 1421960523, 1421962323, 1, '192.168.33.1', 2, 1421961597, NULL, NULL);

--
-- Volcado de datos para la tabla `modul4r_system`
--

INSERT INTO `modul4r_system` (`idsystem`, `name`, `largename`, `sessionmaxdurationmins`, `sessionmaxsameipconnections`, `sessionreusesessions`, `sessionmaxsessionsperday`, `sessionmaxsessionsperuser`, `systemnonewsessions`, `systemdown`, `registerusingcaptcha`, `registerusingterms`, `terms`, `registerusingactivation`, `defaultroleforregistration`, `registerusingtermslabel`, `registrationonlogin`) VALUES
(1, 'default', NULL, 30, 10, 1, -1, -1, 0, 0, 1, 0, '', 0, 'empleado', '', 0);

--
-- Volcado de datos para la tabla `modul4r_user`
--

INSERT INTO `modul4r_user` (`iduser`, `regdate`, `actdate`, `logondate`, `username`, `email`, `password`, `authkey`, `state`, `totalsessioncounter`, `currentsessioncounter`, `usr_emp_codigo`) VALUES
(1, NULL, NULL, 1421961597, 'admin', 'admin@tucorreo.com', '50b173f467a75446ef9682a00effeb3b', NULL, 1, 0, 0, 0),
(2, NULL, NULL, NULL, 'invitado', 'invitado', 'nopassword', NULL, 1, 0, 0, 0),
(10, 1397485220, NULL, 1397507140, 'jbermudez', 'jose.bermudez.correa@gmail.com', 'eb636d6754fdb21497ed2bb3f8b552cf', '2b921506c1f2b117ab8dd9b75a87e453', 1, 0, 0, 0),
(11, 1398291460, 1398291460, 1399340877, '4514736', 'quinoj@gmail.com', 'fab8dcd49300665115e476b5d454fa8e', NULL, 1, 0, 0, 0),
(12, 1398348681, 1398348681, NULL, '10002222', 'usuario_10002222@modular.com.co', 'c4a6d57c7fcfdcee53f6ae86146bcb18', NULL, 1, 0, 0, 0),
(13, 1398348857, 1398348857, NULL, '698955555', 'usuario_698955555@modular.com.co', '8915af68e9383b237745b97fd827d86c', NULL, 1, 0, 0, 0),
(14, 1398349718, 1398349718, NULL, '6989555556', 'usuario_6989555556@modular.com.co', 'd44179b830d16f446ff575653cb79736', NULL, 1, 0, 0, 0),
(15, 1398349811, 1398349811, NULL, '456456456456', 'usuario_456456456456@modular.com.co', 'd18e10ad06222c972499296f1cefa481', NULL, 1, 0, 0, 0),
(16, 1398350200, 1398350200, 1404314142, '3332000', 'teste@gmail.com', 'ff7116a0550ff1c62e43aecdc3f11b7a', NULL, 1, 0, 0, 0),
(17, 1399519918, 1399519918, 1404439603, '45147364', 'test@gmail.com', '491ba9e5cdf902a0a40559b4d9bc6d50', NULL, 1, 0, 0, 0),
(20, 1399764986, 1399764986, 1403093058, '123456789', 'jeanbeco@gmail.com', '25f9e794323b453885f5181f1b624d0b', NULL, 1, 0, 0, 0),
(21, 1399769159, 1399769159, 1403293784, '789456', 'jeanbecos@gmail.com', '71b3b26aaa319e0cdf6fdb8429c112b0', NULL, 1, 0, 0, 0),
(22, 1399774674, 1399774674, NULL, '569255869', 'usuario_569255869@modular.com.co', '8fca7c62eac15d4255f5d99677f7d9ed', NULL, 1, 0, 0, 0),
(24, 1399775803, 1399775803, 1403272510, '21954972', 'yorla7@hotmail.com', '20b799d3550cebf6b450c3cd89d54489', NULL, 1, 0, 0, 0),
(25, 1403094184, 1403094184, 1404439726, '10521021', 'juanpa@gmail.com', '52edef4b33629c6f497579532f1c3afd', NULL, 1, 0, 0, 0),
(26, 1403271780, 1403271780, 1403272548, '25334569', 'empeladoipse@gmail.com', 'c1fd0a0e5d0e3d6a444d13a03a9ac69b', NULL, 1, 0, 0, 0),
(27, 1403271847, 1403271847, NULL, '362561255', 'funcionarioipespecializada@gmail.com', 'eac64cb9bc7c28c00a94b4fee9200e29', NULL, 1, 0, 0, 0),
(28, 1403275361, 1403275361, 1403307044, '9999999', 'frodinios@gmail.com', '283f42764da6dba2522412916b031080', NULL, 1, 0, 0, 0),
(29, 1403280211, 1403280211, 1403280240, '1088242913', 'usuario_1088242913@modular.com.co', '8bc6a1baffd86d357905b32d0a67d180', NULL, 1, 0, 0, 0),
(30, 1403290855, 1403290855, 1403290879, '9868360', 'usuario_9868360@modular.com.co', '06a0fc1e7b9510a3dd1ede1e6ff18a0e', NULL, 1, 0, 0, 0),
(31, 1403293819, 1403293819, 1403615504, '1234567892', 'usuario_1234567892@modular.com.co', 'd893377c9d852e09874125b10a0e4f66', NULL, 1, 0, 0, 0);

--
-- Volcado de datos para la tabla `motivo`
--

INSERT INTO `motivo` (`mot_codigo`, `mot_nombre`, `mot_fechacreacion`, `mot_emp_codigo`, `mot_archivoformulario`) VALUES
(13, 'Evaluaciones médicas  ocupacionales de RETIRO', '2014-05-08 02:41:32', 4, 'prueba.php'),
(14, 'Evaluaciones médicas  ocupacionales de INGRESO', '2014-06-17 13:38:34', 4, NULL),
(15, 'Evaluaciones médica ocupacional de INGRESO', '2014-06-20 13:52:26', 1, NULL),
(17, 'Evaluacion médica ocupacional de INGRESO', '2014-06-20 13:53:00', 5, NULL),
(18, 'Evaluacion médica ocupacional de RETIRO', '2014-06-20 13:53:13', 5, NULL);

--
-- Volcado de datos para la tabla `motivoxrol`
--

INSERT INTO `motivoxrol` (`mxr_codigo`, `mxr_mot_codigo`, `mxr_rol_nombre`, `mxr_fechacreacion`) VALUES
(18, 13, 'empleado', '2014-06-17 16:13:57'),
(19, 13, 'SuperAdministrador', '2014-06-17 16:13:57'),
(20, 14, 'empleado', '2014-06-18 11:30:41'),
(21, 14, 'SuperAdministrador', '2014-06-18 11:30:41'),
(26, 17, 'empleado', '2014-06-20 13:53:00'),
(27, 17, 'SuperAdministrador', '2014-06-20 13:53:00'),
(28, 18, 'empleado', '2014-06-20 13:53:13'),
(29, 18, 'SuperAdministrador', '2014-06-20 13:53:13'),
(32, 15, 'empleado', '2014-12-16 16:51:27'),
(33, 15, 'SuperAdministrador', '2014-12-16 16:51:27');
SET FOREIGN_KEY_CHECKS=1;

/*!40101 SET CHARACTER_SET_CLIENT=@OLD_CHARACTER_SET_CLIENT */;
/*!40101 SET CHARACTER_SET_RESULTS=@OLD_CHARACTER_SET_RESULTS */;
/*!40101 SET COLLATION_CONNECTION=@OLD_COLLATION_CONNECTION */;
